Label,COD_NotReported,COD_Anoxia,COD_CerebroVascular_Stroke,COD_HeadTrauma,COD_CNSTumor,COD_Other,ABO_O,ABO_A,ABO_B,ABO_AB,ABO_Unknown,Circumstance_ChildAbuse,Circumstance_Homicide,Circumstance_MVA,Circumstance_NaturalCauses,Circumstance_NonMVA,Circumstance_None,Circumstance_NotReported,Circumstance_Suicide,Mechanism_Asphyxiation,Mechanism_BluntInjury,Mechanism_Cardiovascular,Mechanism_Drowning,Mechanism_DrugIntoxication,Mechanism_Electrical,Mechanism_GunshotWound,Mechanism_IntracranialHemorrhage_Stroke,Mechanism_NaturalCauses,Mechanism_None,Mechanism_NotReported,Mechanism_Seizure,Mechanism_Sids,Mechanism_Stab,DonorType_DeceasedDonor,DonorType_LivingDonor,Region1,Region2,Region3,Region4,Region5,Region6,Region7,Region8,Region9,Region10,Region11
Kidney_under1_White_Male,0,33,0,16,0,3,26,19,4,3,0,19,0,2,17,8,6,0,0,13,13,13,0,0,0,0,3,4,3,0,2,1,0,52,0,2,5,3,4,15,2,3,3,0,7,8
Kidney_under1_White_Female,0,12,2,7,0,1,13,4,4,1,0,6,0,3,5,0,8,0,0,4,7,4,1,0,0,0,3,0,1,0,1,1,0,22,0,0,5,0,1,3,0,3,4,0,2,4
Kidney_under1_Black_Male,0,9,0,4,0,0,6,4,3,0,0,3,1,0,4,2,3,0,0,2,3,3,1,0,0,0,1,1,1,0,0,1,0,13,0,0,1,3,2,1,0,1,0,0,2,3
Kidney_under1_Black_Female,0,6,0,1,0,1,3,2,3,0,0,0,1,0,3,2,2,0,0,2,1,2,0,0,0,0,0,1,1,0,0,1,0,8,0,0,0,1,1,2,0,0,1,0,1,2
Kidney_under1_Hispanic_Male,0,7,1,4,0,0,6,4,1,1,0,2,2,1,3,1,3,0,0,2,4,4,0,0,0,0,1,0,1,0,0,0,0,12,0,0,0,0,5,4,0,0,1,1,0,1
Kidney_under1_Hispanic_Female,0,2,0,5,0,0,4,2,1,0,0,4,1,1,0,1,0,0,0,1,5,0,0,0,0,0,1,0,0,0,0,0,0,7,0,1,2,0,1,2,1,0,0,0,0,0
Kidney_under1_Asian_Male,0,0,0,1,0,0,0,0,1,0,0,0,0,1,0,0,0,0,0,0,1,0,0,0,0,0,0,0,0,0,0,0,0,1,0,0,0,0,0,1,0,0,0,0,0,0
Kidney_under1_Asian_Female,0,0,0,1,0,0,1,0,0,0,0,0,0,1,0,0,0,0,0,0,1,0,0,0,0,0,0,0,0,0,0,0,0,1,0,0,0,0,0,1,0,0,0,0,0,0
Kidney_under1_PacificIslander_Male,0,1,0,0,0,0,0,1,0,0,0,0,0,0,0,0,1,0,0,0,0,1,0,0,0,0,0,0,0,0,0,0,0,1,0,0,0,0,0,1,0,0,0,0,0,0
Kidney_under1_Multiracial_Male,0,0,1,1,0,0,1,1,0,0,0,1,0,0,1,0,0,0,0,0,0,0,0,0,0,0,2,0,0,0,0,0,0,2,0,0,1,1,0,0,0,0,0,0,0,0
Kidney_under1_Multiracial_Female,0,1,0,0,0,0,1,0,0,0,0,1,0,0,0,0,0,0,0,0,0,0,0,0,0,0,0,0,1,0,0,0,0,1,0,0,0,0,0,0,0,0,0,1,0,0
Kidney_1_5years_White_Male,0,42,4,21,0,1,30,32,4,2,0,12,0,5,21,17,13,0,0,3,16,11,17,1,0,1,6,3,8,0,2,0,0,68,0,1,5,7,9,7,10,6,6,3,8,6
Kidney_1_5years_White_Female,0,30,0,15,1,3,17,26,6,0,0,10,0,7,12,10,10,0,0,4,14,12,9,0,0,0,1,4,3,0,2,0,0,49,0,2,5,8,1,5,5,1,9,3,7,3
Kidney_1_5years_Black_Male,0,16,1,4,0,2,9,5,6,3,0,1,1,0,9,5,7,0,0,3,4,5,4,0,0,0,1,4,2,0,0,0,0,23,0,1,3,8,2,1,1,1,0,2,0,4
Kidney_1_5years_Black_Female,0,8,0,5,0,2,7,5,3,0,0,4,1,0,5,4,1,0,0,3,3,3,1,1,0,1,0,1,2,0,0,0,0,15,0,0,0,5,2,1,0,1,2,2,0,2
Kidney_1_5years_Hispanic_Male,0,14,1,7,0,0,9,11,1,1,0,4,0,4,3,7,4,0,0,1,7,2,6,0,0,0,1,1,3,0,1,0,0,22,0,0,0,7,3,7,0,1,2,1,0,1
Kidney_1_5years_Hispanic_Female,0,10,1,5,0,0,11,3,2,0,0,2,1,3,5,2,3,0,0,2,5,2,3,0,0,0,1,2,0,0,1,0,0,16,0,1,3,4,2,5,0,0,0,1,0,0
Kidney_1_5years_Asian_Male,0,1,0,1,0,0,1,0,0,1,0,0,1,0,1,0,0,0,0,0,1,0,0,0,0,0,0,1,0,0,0,0,0,2,0,0,0,0,0,2,0,0,0,0,0,0
Kidney_1_5years_Asian_Female,0,0,0,2,0,0,0,2,0,0,0,1,0,1,0,0,0,0,0,0,2,0,0,0,0,0,0,0,0,0,0,0,0,2,0,0,0,1,1,0,0,0,0,0,0,0
Kidney_1_5years_American_Indian_Female,0,0,0,1,0,0,1,0,0,0,0,0,0,1,0,0,0,0,0,0,0,0,0,0,0,0,1,0,0,0,0,0,0,1,0,0,0,1,0,0,0,0,0,0,0,0
Kidney_1_5years_Multiracial_Male,0,1,0,1,0,0,1,1,0,0,0,1,0,0,1,0,0,0,0,0,0,1,0,0,0,0,1,0,0,0,0,0,0,2,0,0,1,0,0,0,0,1,0,0,0,0
Kidney_6_10years_White_Male,0,16,0,19,0,3,25,10,2,1,0,0,2,13,7,12,2,0,2,7,15,3,3,0,0,3,1,3,2,0,1,0,0,38,0,0,6,7,2,3,3,4,5,1,6,1
Kidney_6_10years_White_Female,0,10,2,6,0,1,10,6,2,1,0,0,0,7,4,5,3,0,0,3,6,6,1,0,0,0,1,0,2,0,0,0,0,19,0,1,5,2,3,1,0,0,1,2,3,1
Kidney_6_10years_Black_Male,0,8,1,7,0,1,8,6,2,1,0,0,1,5,4,2,5,0,0,1,4,4,2,0,0,2,2,2,0,0,0,0,0,17,0,0,0,9,3,1,0,2,0,0,1,1
Kidney_6_10years_Black_Female,0,10,0,3,0,1,4,5,5,0,0,0,1,2,8,1,1,0,1,3,2,5,1,0,0,1,0,1,1,0,0,0,0,14,0,0,1,3,2,1,0,1,0,1,2,3
Kidney_6_10years_Hispanic_Male,0,9,2,4,1,0,5,6,4,1,0,0,0,4,7,0,4,0,1,3,4,3,1,0,0,0,2,0,3,0,0,0,0,16,0,1,0,5,1,4,1,0,1,0,0,3
Kidney_6_10years_Hispanic_Female,0,2,3,4,0,0,5,3,1,0,0,0,2,2,3,1,1,0,0,0,2,0,1,0,0,2,3,0,1,0,0,0,0,9,0,0,3,1,2,3,0,0,0,0,0,0
Kidney_6_10years_Asian_Male,0,1,1,0,0,0,1,0,1,0,0,1,0,0,1,0,0,0,0,1,0,0,0,0,0,0,1,0,0,0,0,0,0,2,0,0,0,0,0,1,0,1,0,0,0,0
Kidney_6_10years_Asian_Female,0,1,0,1,0,0,0,1,1,0,0,0,0,1,0,1,0,0,0,1,1,0,0,0,0,0,0,0,0,0,0,0,0,2,0,0,0,1,0,0,0,0,0,0,1,0
Kidney_6_10years_American_Indian_Male,0,0,0,1,0,0,0,1,0,0,0,0,0,1,0,0,0,0,0,0,1,0,0,0,0,0,0,0,0,0,0,0,0,1,0,0,0,0,0,1,0,0,0,0,0,0
Kidney_6_10years_American_Indian_Female,0,0,0,1,0,0,1,0,0,0,0,0,0,1,0,0,0,0,0,0,1,0,0,0,0,0,0,0,0,0,0,0,0,1,0,0,0,0,0,0,0,0,0,0,0,1
Kidney_6_10years_PacificIslander_Male,0,0,0,1,0,0,1,0,0,0,0,0,0,0,0,1,0,0,0,0,1,0,0,0,0,0,0,0,0,0,0,0,0,1,0,0,0,0,1,0,0,0,0,0,0,0
Kidney_6_10years_Multiracial_Male,0,2,0,0,0,0,2,0,0,0,0,0,0,0,0,1,0,0,1,1,0,0,1,0,0,0,0,0,0,0,0,0,0,2,0,0,1,0,0,0,1,0,0,0,0,0
Kidney_6_10years_Multiracial_Female,0,0,0,0,1,0,0,1,0,0,0,0,0,0,1,0,0,0,0,0,0,0,0,0,0,0,0,1,0,0,0,0,0,1,0,0,0,1,0,0,0,0,0,0,0,0
Kidney_11_17years_White_Male,0,66,6,97,1,5,83,68,17,7,0,0,5,53,22,22,19,0,54,31,56,17,3,8,0,38,12,4,4,0,2,0,0,175,0,6,17,32,19,24,11,13,19,4,15,15
Kidney_11_17years_White_Female,0,30,8,46,2,1,47,31,6,3,0,0,2,38,17,9,7,0,14,12,37,13,1,3,0,7,8,3,2,0,1,0,0,87,0,3,6,14,13,9,7,7,11,0,10,7
Kidney_11_17years_Black_Male,0,18,2,28,0,0,21,14,12,1,0,0,15,9,10,3,4,0,7,5,10,4,1,1,0,19,2,2,1,0,3,0,0,48,0,0,7,14,7,4,0,3,2,0,2,9
Kidney_11_17years_Black_Female,0,12,3,4,0,0,16,3,0,0,0,0,1,3,9,1,1,0,4,6,3,4,1,0,0,1,3,1,0,0,0,0,0,19,0,0,3,7,2,2,0,0,0,1,0,4
Kidney_11_17years_Hispanic_Male,0,9,4,26,0,1,24,12,4,0,0,0,9,12,6,3,2,0,8,6,14,2,0,0,0,12,4,1,1,0,0,0,0,40,0,0,2,8,7,16,0,2,2,0,0,3
Kidney_11_17years_Hispanic_Female,0,8,4,12,0,0,10,9,4,1,0,0,2,10,3,1,3,0,5,4,10,3,0,1,0,2,3,0,1,0,0,0,0,24,0,0,1,0,8,8,1,1,3,1,1,0
Kidney_11_17years_Asian_Male,0,2,0,1,0,0,1,1,1,0,0,0,0,0,2,0,0,0,1,0,0,2,0,0,0,1,0,0,0,0,0,0,0,3,0,0,0,0,0,0,3,0,0,0,0,0
Kidney_11_17years_Asian_Female,0,0,1,0,0,0,0,0,0,1,0,0,0,0,1,0,0,0,0,0,0,0,0,0,0,0,1,0,0,0,0,0,0,1,0,0,0,0,0,0,1,0,0,0,0,0
Kidney_11_17years_American_Indian_Male,0,2,0,0,0,0,2,0,0,0,0,0,0,0,1,0,0,0,1,1,0,1,0,0,0,0,0,0,0,0,0,0,0,2,0,0,0,0,0,1,0,1,0,0,0,0
Kidney_11_17years_American_Indian_Female,0,0,1,0,0,0,1,0,0,0,0,0,0,0,1,0,0,0,0,0,0,0,0,0,0,0,1,0,0,0,0,0,0,1,0,0,0,0,0,0,1,0,0,0,0,0
Kidney_11_17years_Multiracial_Male,0,1,1,0,0,0,1,1,0,0,0,0,0,0,1,0,0,0,1,1,0,0,0,0,0,0,1,0,0,0,0,0,0,2,0,0,1,1,0,0,0,0,0,0,0,0
Kidney_18_34years_White_Male,477,309,53,570,3,21,729,539,126,39,0,0,53,305,113,142,128,477,215,56,381,72,9,145,1,177,73,17,12,477,10,0,3,956,477,65,167,174,110,193,66,149,123,72,155,159
Kidney_18_34years_White_Female,511,241,48,198,4,10,530,375,88,19,0,0,19,139,122,61,95,511,65,39,156,65,3,107,0,35,55,15,17,511,9,0,0,501,511,38,116,122,96,119,38,106,88,44,137,108
Kidney_18_34years_Black_Male,123,40,24,197,1,4,211,101,66,11,0,0,113,57,35,16,12,123,33,7,79,11,1,9,0,122,27,2,4,123,3,0,1,266,123,4,61,73,35,38,6,34,16,27,40,55
Kidney_18_34years_Black_Female,159,37,23,29,1,3,144,50,51,7,0,0,6,22,46,2,15,159,2,2,22,25,0,4,0,6,25,3,3,159,3,0,0,93,159,7,30,63,23,13,0,20,6,26,28,36
Kidney_18_34years_Hispanic_Male,138,53,31,159,0,8,256,92,37,4,0,0,38,75,44,36,25,138,33,4,103,15,2,24,1,60,31,2,4,138,2,0,3,251,138,19,31,27,65,140,5,37,12,32,9,12
Kidney_18_34years_Hispanic_Female,192,27,24,27,0,2,205,52,14,1,0,0,4,21,32,7,10,192,6,5,22,9,0,12,0,6,22,3,1,192,0,0,0,80,192,7,19,31,71,75,2,26,9,23,5,4
Kidney_18_34years_Asian_Male,39,6,0,19,0,0,32,15,14,3,0,0,4,11,3,2,2,39,3,1,13,4,0,1,0,5,1,0,0,39,0,0,0,25,39,0,5,3,4,33,4,7,0,2,6,0
Kidney_18_34years_Asian_Female,37,7,1,3,0,0,26,14,8,0,0,0,1,1,3,1,3,37,2,2,2,3,0,1,0,1,1,0,0,37,1,0,0,11,37,1,10,6,3,16,2,3,0,3,2,2
Kidney_18_34years_American_Indian_Male,1,4,0,6,0,0,8,2,1,0,0,0,3,1,1,3,1,1,1,1,2,1,0,2,0,3,1,0,0,1,0,0,0,10,1,0,0,0,1,4,2,3,0,0,1,0
Kidney_18_34years_American_Indian_Female,10,0,0,3,0,0,7,4,1,1,0,0,1,2,0,0,0,10,0,0,2,0,0,0,0,1,0,0,0,10,0,0,0,3,10,0,1,1,2,5,1,1,0,0,0,2
Kidney_18_34years_PacificIslander_Male,1,5,0,2,0,0,5,1,2,0,0,0,1,1,1,0,2,1,2,2,2,3,0,0,0,0,0,0,0,1,0,0,0,7,1,0,0,0,0,2,3,0,3,0,0,0
Kidney_18_34years_PacificIslander_Female,3,0,0,1,0,0,2,1,1,0,0,0,0,1,0,0,0,3,0,0,0,0,0,0,0,0,1,0,0,3,0,0,0,1,3,0,1,0,0,2,1,0,0,0,0,0
Kidney_18_34years_Multiracial_Male,10,0,0,17,0,0,12,12,3,0,0,0,4,10,0,1,0,10,2,0,13,0,0,0,0,4,0,0,0,10,0,0,0,17,10,0,3,15,0,3,0,2,0,2,0,2
Kidney_18_34years_Multiracial_Female,10,4,4,0,0,0,7,6,4,1,0,0,0,0,7,1,0,10,0,0,0,2,1,0,0,0,4,0,0,10,1,0,0,8,10,1,0,8,1,3,2,1,1,0,1,0
Kidney_35_49years_White_Male,580,246,196,298,4,27,697,498,129,27,0,0,31,143,271,90,108,580,128,45,206,109,5,70,4,84,206,18,16,580,6,0,2,771,580,59,189,145,99,154,50,167,116,77,157,138
Kidney_35_49years_White_Female,1049,229,213,89,5,18,931,527,117,28,0,0,8,53,310,41,99,1049,43,25,66,121,3,59,0,22,214,21,18,1049,5,0,0,554,1049,81,241,179,105,191,68,156,109,95,218,160
Kidney_35_49years_Black_Male,100,26,76,42,0,1,120,71,42,12,0,0,17,14,83,8,17,100,6,2,27,19,0,4,0,13,78,1,0,100,1,0,0,145,100,4,49,56,13,21,0,18,6,9,32,37
Kidney_35_49years_Black_Female,156,48,80,8,0,3,161,73,54,7,0,0,3,6,111,4,13,156,2,5,6,35,0,5,0,2,79,5,2,156,0,0,0,139,156,11,41,65,32,21,1,29,4,17,36,38
Kidney_35_49years_Hispanic_Male,117,32,66,79,1,3,189,71,29,9,0,0,8,31,76,32,18,117,16,7,62,14,0,7,1,12,69,4,4,117,1,0,0,181,117,6,30,29,53,113,11,16,15,16,5,4
Kidney_35_49years_Hispanic_Female,216,36,63,10,3,2,217,81,23,9,0,0,1,6,82,4,17,216,4,2,9,25,0,6,0,1,62,5,3,216,1,0,0,114,216,8,25,39,71,103,3,32,5,34,3,7
Kidney_35_49years_Asian_Male,27,6,10,6,0,0,27,11,8,3,0,0,0,2,17,2,0,27,1,1,5,4,0,0,0,0,11,1,0,27,0,0,0,22,27,2,7,1,4,21,4,2,2,4,1,1
Kidney_35_49years_Asian_Female,57,6,21,1,0,2,39,19,23,6,0,0,0,1,26,0,2,57,1,1,1,4,0,1,0,0,21,2,0,57,0,0,0,30,57,0,13,5,5,37,6,5,1,10,2,3
Kidney_35_49years_American_Indian_Male,4,2,2,2,0,1,7,4,0,0,0,0,1,1,2,1,2,4,0,0,2,2,0,0,0,0,2,1,0,4,0,0,0,7,4,0,0,1,1,2,1,1,3,1,0,1
Kidney_35_49years_American_Indian_Female,9,2,1,1,0,0,6,6,1,0,0,0,0,1,2,0,1,9,0,0,1,2,0,0,0,0,1,0,0,9,0,0,0,4,9,1,1,0,2,4,2,2,0,0,1,0
Kidney_35_49years_PacificIslander_Male,7,0,1,1,0,1,6,3,1,0,0,0,0,0,2,1,0,7,0,0,1,0,0,0,0,0,1,1,0,7,0,0,0,3,7,1,0,0,1,3,3,0,0,0,1,1
Kidney_35_49years_PacificIslander_Female,3,0,2,1,0,0,4,2,0,0,0,0,0,1,2,0,0,3,0,0,1,0,0,0,0,0,2,0,0,3,0,0,0,3,3,0,0,0,0,3,3,0,0,0,0,0
Kidney_35_49years_Multiracial_Male,5,0,4,9,0,0,9,6,2,1,0,0,2,5,4,1,0,5,1,0,7,0,0,0,0,2,4,0,0,5,0,0,0,13,5,1,0,13,0,1,1,2,0,0,0,0
Kidney_35_49years_Multiracial_Female,16,1,6,0,0,0,13,6,3,1,0,0,0,0,7,0,0,16,0,0,0,1,0,0,0,0,6,0,0,16,0,0,0,7,16,3,2,5,1,3,1,3,0,0,2,3
Kidney_50_64years_White_Male,428,221,324,205,2,10,592,461,106,31,0,0,5,88,443,98,75,428,53,22,160,160,4,14,0,40,327,23,10,428,1,0,1,762,428,64,179,127,79,165,49,134,100,67,128,98
Kidney_50_64years_White_Female,837,194,364,80,1,19,786,549,127,33,0,0,3,36,481,40,74,837,24,12,60,142,0,22,0,14,362,33,6,837,7,0,0,658,837,96,209,179,100,185,59,154,94,82,202,135
Kidney_50_64years_Black_Male,43,14,101,19,0,3,93,52,28,7,0,0,8,7,99,5,17,43,1,0,15,12,0,0,0,3,100,3,2,43,1,0,1,137,43,7,34,45,10,13,0,12,7,9,14,29
Kidney_50_64years_Black_Female,53,47,109,7,3,1,123,50,41,6,0,0,3,4,135,8,16,53,1,3,5,37,0,5,0,1,107,6,2,53,1,0,0,167,53,0,47,41,14,21,0,19,8,9,13,48
Kidney_50_64years_Hispanic_Male,41,15,81,39,0,3,112,51,13,2,1,0,6,16,84,15,14,41,3,2,30,13,0,0,0,5,79,5,2,41,1,0,1,138,41,3,11,24,23,73,2,15,4,15,4,5
Kidney_50_64years_Hispanic_Female,90,16,62,7,0,0,125,40,8,2,0,0,0,4,68,2,10,90,1,1,3,12,0,0,0,0,64,2,3,90,0,0,0,85,90,7,13,29,36,54,2,5,6,19,3,1
Kidney_50_64years_Asian_Male,20,3,17,7,0,0,18,12,16,1,0,0,1,4,19,2,1,20,0,0,7,4,0,0,0,0,16,0,0,20,0,0,0,27,20,1,6,5,1,15,6,4,0,6,3,0
Kidney_50_64years_Asian_Female,38,3,24,1,0,0,32,14,17,3,0,0,0,0,26,1,1,38,0,0,1,3,0,0,0,0,22,2,0,38,0,0,0,28,38,0,10,6,3,26,6,2,2,6,2,3
Kidney_50_64years_American_Indian_Male,0,2,0,1,0,0,2,1,0,0,0,0,1,0,2,0,0,0,0,0,1,2,0,0,0,0,0,0,0,0,0,0,0,3,0,0,0,0,0,2,0,1,0,0,0,0
Kidney_50_64years_American_Indian_Female,1,0,2,1,0,1,3,2,0,0,0,0,0,0,3,1,0,1,0,0,1,0,0,0,0,0,3,0,0,1,0,0,0,4,1,0,0,1,0,2,1,0,1,0,0,0
Kidney_50_64years_PacificIslander_Male,0,0,1,1,0,0,0,1,1,0,0,0,1,0,1,0,0,0,0,0,1,0,0,0,0,0,1,0,0,0,0,0,0,2,0,0,0,0,0,1,1,0,0,0,0,0
Kidney_50_64years_PacificIslander_Female,1,0,2,0,0,0,2,1,0,0,0,0,0,0,2,0,0,1,0,0,0,0,0,0,0,0,2,0,0,1,0,0,0,2,1,0,0,0,0,1,0,0,0,1,0,1
Kidney_50_64years_Multiracial_Male,5,1,6,2,0,0,10,2,1,1,0,0,0,0,7,2,0,5,0,0,2,1,0,0,0,0,6,0,0,5,0,0,0,9,5,0,1,6,0,3,2,1,0,1,0,0
Kidney_50_64years_Multiracial_Female,2,0,5,0,0,0,6,1,0,0,0,0,0,0,5,0,0,2,0,0,0,0,0,0,0,0,5,0,0,2,0,0,0,5,2,0,1,4,1,1,0,0,0,0,0,0
Kidney_over65_White_Male,44,19,101,32,0,0,89,83,21,3,0,0,0,6,107,22,12,44,5,2,23,16,1,0,0,5,100,4,0,44,1,0,0,152,44,12,31,23,8,37,5,20,16,11,14,19
Kidney_over65_White_Female,62,37,137,28,0,1,146,96,17,6,0,0,1,10,155,18,18,62,1,2,28,35,0,0,0,1,129,8,0,62,0,0,0,203,62,14,61,27,10,45,5,18,21,13,21,30
Kidney_over65_Black_Male,0,1,16,0,0,0,9,5,3,0,0,0,0,0,14,1,2,0,0,0,0,0,1,0,0,0,16,0,0,0,0,0,0,17,0,0,3,6,0,0,0,2,0,2,0,4
Kidney_over65_Black_Female,3,7,19,2,0,0,14,7,7,3,0,0,0,1,26,1,0,3,0,0,1,6,0,0,0,0,20,1,0,3,0,0,0,28,3,2,10,8,0,3,0,0,3,4,1,0
Kidney_over65_Hispanic_Male,1,2,9,5,0,0,11,6,0,0,0,0,1,1,11,3,0,1,0,0,4,1,0,0,0,0,10,1,0,1,0,0,0,16,1,0,2,5,1,5,1,1,0,1,1,0
Kidney_over65_Hispanic_Female,3,3,9,2,1,0,10,8,0,0,0,0,0,1,11,1,2,3,0,0,2,3,0,0,0,0,10,0,0,3,0,0,0,15,3,0,1,5,1,8,0,0,0,3,0,0
Kidney_over65_Asian_Male,1,0,3,3,0,0,2,3,2,0,0,0,0,0,3,3,0,1,0,0,3,0,0,0,0,0,3,0,0,1,0,0,0,6,1,0,2,0,0,4,0,0,1,0,0,0
Kidney_over65_Asian_Female,3,0,12,1,0,0,6,4,5,1,0,0,0,0,10,1,2,3,0,0,1,1,0,0,0,0,10,1,0,3,0,0,0,13,3,0,4,0,1,3,2,1,0,4,1,0
Kidney_over65_American_Indian_Female,0,0,1,0,0,0,1,0,0,0,0,0,0,0,1,0,0,0,0,0,0,0,0,0,0,0,1,0,0,0,0,0,0,1,0,0,0,0,0,0,0,0,0,0,0,1
Kidney_over65_PacificIslander_Female,0,0,0,0,0,0,0,0,0,0,0,0,0,0,0,0,0,0,0,0,0,0,0,0,0,0,0,0,0,0,0,0,0,0,0,0,0,0,0,0,0,0,0,0,0,0
Kidney_over65_Multiracial_Male,0,0,0,0,0,0,0,0,0,0,0,0,0,0,0,0,0,0,0,0,0,0,0,0,0,0,0,0,0,0,0,0,0,0,0,0,0,0,0,0,0,0,0,0,0,0
Kidney_over65_Multiracial_Female,2,0,1,1,0,0,3,1,0,0,0,0,0,1,1,0,0,2,0,0,1,0,0,0,0,0,1,0,0,2,0,0,0,2,2,0,0,2,0,0,0,0,0,2,0,0
Pancreas_under1_White_Male,0,0,0,1,0,0,1,0,0,0,0,1,0,0,0,0,0,0,0,0,1,0,0,0,0,0,0,0,0,0,0,0,0,1,0,0,0,0,0,0,0,0,1,0,0,0
Pancreas_under1_White_Female,0,1,0,1,0,0,2,0,0,0,0,2,0,0,0,0,0,0,0,0,1,1,0,0,0,0,0,0,0,0,0,0,0,2,0,0,0,0,0,0,0,0,0,0,0,2
Pancreas_under1_Black_Male,0,0,0,4,0,0,3,1,0,0,0,4,0,0,0,0,0,0,0,0,2,0,0,0,0,0,2,0,0,0,0,0,0,4,0,0,1,1,1,0,0,0,0,0,0,1
Pancreas_under1_Black_Female,0,1,0,1,0,0,2,0,0,0,0,1,0,0,1,0,0,0,0,0,1,0,0,0,0,0,0,0,0,0,0,1,0,2,0,0,0,0,0,0,0,0,1,0,1,0
Pancreas_under1_Hispanic_Male,0,1,0,0,0,0,1,0,0,0,0,0,0,0,1,0,0,0,0,1,0,0,0,0,0,0,0,0,0,0,0,0,0,1,0,0,0,0,0,0,0,0,1,0,0,0
Pancreas_under1_Hispanic_Female,0,0,0,0,0,0,0,0,0,0,0,0,0,0,0,0,0,0,0,0,0,0,0,0,0,0,0,0,0,0,0,0,0,0,0,0,0,0,0,0,0,0,0,0,0,0
Pancreas_under1_Asian_Male,0,0,0,0,0,0,0,0,0,0,0,0,0,0,0,0,0,0,0,0,0,0,0,0,0,0,0,0,0,0,0,0,0,0,0,0,0,0,0,0,0,0,0,0,0,0
Pancreas_under1_Asian_Female,0,0,0,0,0,0,0,0,0,0,0,0,0,0,0,0,0,0,0,0,0,0,0,0,0,0,0,0,0,0,0,0,0,0,0,0,0,0,0,0,0,0,0,0,0,0
Pancreas_under1_PacificIslander_Male,0,0,0,0,0,0,0,0,0,0,0,0,0,0,0,0,0,0,0,0,0,0,0,0,0,0,0,0,0,0,0,0,0,0,0,0,0,0,0,0,0,0,0,0,0,0
Pancreas_under1_Multiracial_Male,0,0,0,0,0,0,0,0,0,0,0,0,0,0,0,0,0,0,0,0,0,0,0,0,0,0,0,0,0,0,0,0,0,0,0,0,0,0,0,0,0,0,0,0,0,0
Pancreas_under1_Multiracial_Female,0,0,0,0,0,0,0,0,0,0,0,0,0,0,0,0,0,0,0,0,0,0,0,0,0,0,0,0,0,0,0,0,0,0,0,0,0,0,0,0,0,0,0,0,0,0
Pancreas_1_5years_White_Male,0,3,0,1,0,0,0,3,1,0,0,1,0,0,1,1,1,0,0,1,1,1,0,0,0,0,0,0,0,0,1,0,0,4,0,0,0,1,1,0,0,0,0,0,2,0
Pancreas_1_5years_White_Female,0,1,0,2,0,0,0,1,2,0,0,1,0,1,0,0,1,0,0,0,2,1,0,0,0,0,0,0,0,0,0,0,0,3,0,0,0,2,0,0,0,0,1,0,0,0
Pancreas_1_5years_Black_Male,0,3,0,1,0,0,2,1,0,1,0,0,0,0,0,2,2,0,0,0,1,0,2,0,0,0,0,0,1,0,0,0,0,4,0,0,0,1,0,0,0,0,0,0,0,3
Pancreas_1_5years_Black_Female,0,0,0,0,0,0,0,0,0,0,0,0,0,0,0,0,0,0,0,0,0,0,0,0,0,0,0,0,0,0,0,0,0,0,0,0,0,0,0,0,0,0,0,0,0,0
Pancreas_1_5years_Hispanic_Male,0,2,0,0,0,0,0,2,0,0,0,1,0,0,0,1,0,0,0,0,0,0,1,0,0,0,0,0,1,0,0,0,0,2,0,0,0,0,1,1,0,0,0,0,0,0
Pancreas_1_5years_Hispanic_Female,0,0,0,0,0,0,0,0,0,0,0,0,0,0,0,0,0,0,0,0,0,0,0,0,0,0,0,0,0,0,0,0,0,0,0,0,0,0,0,0,0,0,0,0,0,0
Pancreas_1_5years_Asian_Male,0,0,0,0,0,0,0,0,0,0,0,0,0,0,0,0,0,0,0,0,0,0,0,0,0,0,0,0,0,0,0,0,0,0,0,0,0,0,0,0,0,0,0,0,0,0
Pancreas_1_5years_Asian_Female,0,0,0,0,0,0,0,0,0,0,0,0,0,0,0,0,0,0,0,0,0,0,0,0,0,0,0,0,0,0,0,0,0,0,0,0,0,0,0,0,0,0,0,0,0,0
Pancreas_1_5years_American_Indian_Female,0,0,0,1,0,0,1,0,0,0,0,0,0,1,0,0,0,0,0,0,0,0,0,0,0,0,1,0,0,0,0,0,0,1,0,0,0,1,0,0,0,0,0,0,0,0
Pancreas_1_5years_Multiracial_Male,0,0,0,0,0,0,0,0,0,0,0,0,0,0,0,0,0,0,0,0,0,0,0,0,0,0,0,0,0,0,0,0,0,0,0,0,0,0,0,0,0,0,0,0,0,0
Pancreas_6_10years_White_Male,0,3,0,7,0,1,9,2,0,0,0,0,0,3,1,6,0,0,1,3,5,0,0,0,0,1,1,0,1,0,0,0,0,11,0,0,2,0,0,1,1,3,2,0,1,1
Pancreas_6_10years_White_Female,0,1,1,1,0,0,1,1,1,0,0,0,0,2,0,0,1,0,0,0,1,1,0,0,0,0,0,0,1,0,0,0,0,3,0,1,1,0,0,0,0,0,0,0,1,0
Pancreas_6_10years_Black_Male,0,2,0,1,0,1,3,0,1,0,0,0,0,1,2,0,1,0,0,0,1,1,0,0,0,0,0,2,0,0,0,0,0,4,0,0,0,2,0,0,0,0,0,0,1,1
Pancreas_6_10years_Black_Female,0,3,0,2,0,0,1,2,2,0,0,0,1,1,2,0,0,0,1,1,1,1,0,0,0,1,0,1,0,0,0,0,0,5,0,0,0,1,0,0,0,0,0,0,1,3
Pancreas_6_10years_Hispanic_Male,0,1,0,1,1,0,1,1,1,0,0,0,0,1,2,0,0,0,0,0,1,0,0,0,0,0,0,0,2,0,0,0,0,3,0,0,0,1,0,1,0,0,0,0,0,1
Pancreas_6_10years_Hispanic_Female,0,1,1,2,0,0,2,1,1,0,0,0,2,0,1,0,1,0,0,0,0,0,0,0,0,2,1,0,1,0,0,0,0,4,0,0,2,0,1,1,0,0,0,0,0,0
Pancreas_6_10years_Asian_Male,0,0,1,0,0,0,0,0,1,0,0,0,0,0,1,0,0,0,0,0,0,0,0,0,0,0,1,0,0,0,0,0,0,1,0,0,0,0,0,0,0,1,0,0,0,0
Pancreas_6_10years_Asian_Female,0,0,0,1,0,0,0,1,0,0,0,0,0,1,0,0,0,0,0,0,1,0,0,0,0,0,0,0,0,0,0,0,0,1,0,0,0,1,0,0,0,0,0,0,0,0
Pancreas_6_10years_American_Indian_Male,0,0,0,0,0,0,0,0,0,0,0,0,0,0,0,0,0,0,0,0,0,0,0,0,0,0,0,0,0,0,0,0,0,0,0,0,0,0,0,0,0,0,0,0,0,0
Pancreas_6_10years_American_Indian_Female,0,0,0,0,0,0,0,0,0,0,0,0,0,0,0,0,0,0,0,0,0,0,0,0,0,0,0,0,0,0,0,0,0,0,0,0,0,0,0,0,0,0,0,0,0,0
Pancreas_6_10years_PacificIslander_Male,0,0,0,1,0,0,1,0,0,0,0,0,0,0,0,1,0,0,0,0,1,0,0,0,0,0,0,0,0,0,0,0,0,1,0,0,0,0,1,0,0,0,0,0,0,0
Pancreas_6_10years_Multiracial_Male,0,1,0,0,0,0,1,0,0,0,0,0,0,0,0,0,0,0,1,1,0,0,0,0,0,0,0,0,0,0,0,0,0,1,0,0,0,0,0,0,1,0,0,0,0,0
Pancreas_6_10years_Multiracial_Female,0,0,0,0,0,0,0,0,0,0,0,0,0,0,0,0,0,0,0,0,0,0,0,0,0,0,0,0,0,0,0,0,0,0,0,0,0,0,0,0,0,0,0,0,0,0
Pancreas_11_17years_White_Male,0,25,3,59,0,1,46,31,10,1,0,0,3,33,5,8,8,0,31,16,33,5,1,2,0,24,6,0,1,0,0,0,0,88,0,2,9,22,9,9,5,7,8,3,7,7
Pancreas_11_17years_White_Female,0,11,3,24,2,0,23,13,3,1,0,0,2,18,8,4,2,0,6,4,20,4,0,2,0,4,3,2,1,0,0,0,0,40,0,1,2,9,3,6,0,4,4,0,8,3
Pancreas_11_17years_Black_Male,0,7,2,15,0,0,11,7,6,0,0,0,7,3,4,2,3,0,5,3,5,1,1,1,0,10,2,0,1,0,0,0,0,24,0,0,4,6,4,0,0,1,1,0,2,6
Pancreas_11_17years_Black_Female,0,6,1,2,0,0,7,2,0,0,0,0,0,2,3,1,1,0,2,3,2,1,1,0,0,0,1,1,0,0,0,0,0,9,0,0,1,3,2,2,0,0,0,0,0,1
Pancreas_11_17years_Hispanic_Male,0,3,2,13,0,1,12,5,2,0,0,0,6,4,3,1,1,0,4,1,5,1,0,0,0,8,2,1,1,0,0,0,0,19,0,0,1,4,4,7,0,2,0,0,0,1
Pancreas_11_17years_Hispanic_Female,0,3,3,9,0,0,9,4,2,0,0,0,1,8,1,0,3,0,2,2,8,1,0,0,0,1,3,0,0,0,0,0,0,15,0,0,1,0,4,6,1,1,2,0,0,0
Pancreas_11_17years_Asian_Male,0,0,0,1,0,0,1,0,0,0,0,0,0,0,0,0,0,0,1,0,0,0,0,0,0,1,0,0,0,0,0,0,0,1,0,0,0,0,0,0,1,0,0,0,0,0
Pancreas_11_17years_Asian_Female,0,0,1,0,0,0,0,0,0,1,0,0,0,0,1,0,0,0,0,0,0,0,0,0,0,0,1,0,0,0,0,0,0,1,0,0,0,0,0,0,1,0,0,0,0,0
Pancreas_11_17years_American_Indian_Male,0,1,0,0,0,0,1,0,0,0,0,0,0,0,0,0,0,0,1,1,0,0,0,0,0,0,0,0,0,0,0,0,0,1,0,0,0,0,0,1,0,0,0,0,0,0
Pancreas_11_17years_American_Indian_Female,0,0,0,0,0,0,0,0,0,0,0,0,0,0,0,0,0,0,0,0,0,0,0,0,0,0,0,0,0,0,0,0,0,0,0,0,0,0,0,0,0,0,0,0,0,0
Pancreas_11_17years_Multiracial_Male,0,0,1,0,0,0,0,1,0,0,0,0,0,0,1,0,0,0,0,0,0,0,0,0,0,0,1,0,0,0,0,0,0,1,0,0,1,0,0,0,0,0,0,0,0,0
Pancreas_18_34years_White_Male,0,86,17,271,1,7,201,146,33,2,0,0,27,128,35,58,31,0,103,22,169,22,4,26,1,94,28,5,7,0,3,0,1,382,0,17,41,47,26,38,20,46,42,3,40,62
Pancreas_18_34years_White_Female,0,50,20,91,2,2,75,74,12,4,0,0,9,61,36,16,18,0,25,11,69,12,0,17,0,19,22,3,7,0,5,0,0,165,0,1,17,15,20,23,4,22,21,4,19,19
Pancreas_18_34years_Black_Male,0,15,5,106,1,2,73,33,22,1,0,0,55,28,12,8,7,0,19,3,42,3,0,3,0,64,9,2,2,0,1,0,0,129,0,0,25,25,9,12,1,11,8,2,16,20
Pancreas_18_34years_Black_Female,0,12,6,11,0,1,12,7,10,1,0,0,1,11,13,1,3,0,1,1,10,7,0,2,0,0,7,2,0,0,1,0,0,30,0,1,4,6,0,2,0,2,1,2,6,6
Pancreas_18_34years_Hispanic_Male,0,14,9,65,0,1,57,23,9,0,0,0,11,28,13,15,3,0,19,3,41,4,0,3,0,23,10,1,1,0,1,0,2,89,0,6,12,7,14,25,1,9,0,7,3,5
Pancreas_18_34years_Hispanic_Female,0,3,11,14,0,0,18,7,2,1,0,0,2,9,10,1,3,0,3,1,10,1,0,2,0,4,9,1,0,0,0,0,0,28,0,3,2,5,6,6,0,1,3,1,0,1
Pancreas_18_34years_Asian_Male,0,3,0,10,0,0,6,4,3,0,0,0,2,5,1,2,1,0,2,1,8,2,0,0,0,2,0,0,0,0,0,0,0,13,0,0,0,0,1,8,1,1,0,0,2,0
Pancreas_18_34years_Asian_Female,0,2,0,1,0,0,1,0,2,0,0,0,1,0,1,0,0,0,1,1,0,1,0,0,0,1,0,0,0,0,0,0,0,3,0,0,1,0,0,0,0,1,0,0,0,1
Pancreas_18_34years_American_Indian_Male,0,1,0,2,0,0,1,2,0,0,0,0,0,1,0,1,0,0,1,1,1,0,0,0,0,0,1,0,0,0,0,0,0,3,0,0,0,0,0,0,0,3,0,0,0,0
Pancreas_18_34years_American_Indian_Female,0,0,0,0,0,0,0,0,0,0,0,0,0,0,0,0,0,0,0,0,0,0,0,0,0,0,0,0,0,0,0,0,0,0,0,0,0,0,0,0,0,0,0,0,0,0
Pancreas_18_34years_PacificIslander_Male,0,1,0,1,0,0,2,0,0,0,0,0,0,1,0,0,0,0,1,1,1,0,0,0,0,0,0,0,0,0,0,0,0,2,0,0,0,0,0,1,0,0,1,0,0,0
Pancreas_18_34years_PacificIslander_Female,0,0,0,0,0,0,0,0,0,0,0,0,0,0,0,0,0,0,0,0,0,0,0,0,0,0,0,0,0,0,0,0,0,0,0,0,0,0,0,0,0,0,0,0,0,0
Pancreas_18_34years_Multiracial_Male,0,0,0,9,0,0,3,4,2,0,0,0,2,7,0,0,0,0,0,0,8,0,0,0,0,1,0,0,0,0,0,0,0,9,0,0,0,7,0,0,0,0,0,2,0,0
Pancreas_18_34years_Multiracial_Female,0,1,0,0,0,0,0,0,1,0,0,0,0,0,0,1,0,0,0,0,0,0,1,0,0,0,0,0,0,0,0,0,0,1,0,0,0,1,0,0,0,0,0,0,0,0
Pancreas_35_49years_White_Male,0,22,29,43,2,2,47,40,9,2,0,0,5,19,32,13,14,0,15,6,30,6,0,8,1,11,33,0,2,0,1,0,0,98,0,3,15,3,3,11,2,20,12,2,10,17
Pancreas_35_49years_White_Female,1,12,30,20,1,3,33,29,4,1,0,0,0,14,34,4,9,1,5,3,16,8,0,0,0,3,32,1,3,1,0,0,0,66,1,3,9,5,8,6,1,13,6,0,8,8
Pancreas_35_49years_Black_Male,0,0,5,12,0,0,9,5,2,1,0,0,3,5,4,1,1,0,3,0,8,0,0,0,0,4,5,0,0,0,0,0,0,17,0,0,1,5,0,1,0,1,0,1,2,6
Pancreas_35_49years_Black_Female,0,4,8,1,0,0,5,2,4,2,0,0,1,0,10,0,2,0,0,0,0,3,0,0,0,1,8,0,1,0,0,0,0,13,0,0,1,1,1,3,0,3,1,0,3,0
Pancreas_35_49years_Hispanic_Male,0,1,10,4,0,0,9,5,1,0,0,0,0,3,10,0,1,0,1,0,4,0,0,1,0,0,10,0,0,0,0,0,0,15,0,0,5,0,2,4,0,2,2,0,0,0
Pancreas_35_49years_Hispanic_Female,0,2,8,4,0,0,9,2,2,1,0,0,0,1,8,1,2,0,2,1,3,1,0,0,0,1,7,1,0,0,0,0,0,14,0,1,0,3,1,6,0,1,1,1,0,0
Pancreas_35_49years_Asian_Male,0,0,0,2,0,0,0,0,2,0,0,0,0,0,0,2,0,0,0,0,2,0,0,0,0,0,0,0,0,0,0,0,0,2,0,0,0,0,0,0,0,1,0,1,0,0
Pancreas_35_49years_Asian_Female,0,1,2,0,0,0,2,1,0,0,0,0,0,0,2,0,1,0,0,0,0,0,0,1,0,0,2,0,0,0,0,0,0,3,0,0,0,0,0,2,0,0,0,1,0,0
Pancreas_35_49years_American_Indian_Male,0,0,0,1,0,0,1,0,0,0,0,0,0,1,0,0,0,0,0,0,1,0,0,0,0,0,0,0,0,0,0,0,0,1,0,0,0,0,0,0,0,1,0,0,0,0
Pancreas_35_49years_American_Indian_Female,0,0,0,1,0,0,0,1,0,0,0,0,0,1,0,0,0,0,0,0,1,0,0,0,0,0,0,0,0,0,0,0,0,1,0,0,0,0,0,1,0,0,0,0,0,0
Pancreas_35_49years_PacificIslander_Male,0,0,0,0,0,0,0,0,0,0,0,0,0,0,0,0,0,0,0,0,0,0,0,0,0,0,0,0,0,0,0,0,0,0,0,0,0,0,0,0,0,0,0,0,0,0
Pancreas_35_49years_PacificIslander_Female,0,0,0,0,0,0,0,0,0,0,0,0,0,0,0,0,0,0,0,0,0,0,0,0,0,0,0,0,0,0,0,0,0,0,0,0,0,0,0,0,0,0,0,0,0,0
Pancreas_35_49years_Multiracial_Male,0,0,0,1,0,0,0,1,0,0,0,0,0,1,0,0,0,0,0,0,1,0,0,0,0,0,0,0,0,0,0,0,0,1,0,0,0,1,0,0,0,0,0,0,0,0
Pancreas_35_49years_Multiracial_Female,0,0,3,0,0,0,3,0,0,0,0,0,0,0,3,0,0,0,0,0,0,0,0,0,0,0,3,0,0,0,0,0,0,3,0,0,2,1,0,0,0,0,0,0,0,0
Pancreas_50_64years_White_Male,0,2,7,3,0,0,6,2,4,0,0,0,0,0,7,4,1,0,0,0,3,1,0,1,0,0,7,0,0,0,0,0,0,12,0,2,1,0,0,0,0,7,1,0,1,0
Pancreas_50_64years_White_Female,0,2,9,4,0,0,12,1,2,0,0,0,0,3,11,1,0,0,0,0,3,2,0,0,0,0,10,0,0,0,0,0,0,15,0,1,1,1,2,1,0,6,0,0,3,0
Pancreas_50_64years_Black_Male,0,0,0,0,0,0,0,0,0,0,0,0,0,0,0,0,0,0,0,0,0,0,0,0,0,0,0,0,0,0,0,0,0,0,0,0,0,0,0,0,0,0,0,0,0,0
Pancreas_50_64years_Black_Female,0,0,3,0,0,0,3,0,0,0,0,0,0,0,3,0,0,0,0,0,0,1,0,0,0,0,2,0,0,0,0,0,0,3,0,0,0,0,0,1,0,2,0,0,0,0
Pancreas_50_64years_Hispanic_Male,0,0,0,0,0,0,0,0,0,0,0,0,0,0,0,0,0,0,0,0,0,0,0,0,0,0,0,0,0,0,0,0,0,0,0,0,0,0,0,0,0,0,0,0,0,0
Pancreas_50_64years_Hispanic_Female,0,0,0,0,0,0,0,0,0,0,0,0,0,0,0,0,0,0,0,0,0,0,0,0,0,0,0,0,0,0,0,0,0,0,0,0,0,0,0,0,0,0,0,0,0,0
Pancreas_50_64years_Asian_Male,0,0,0,0,0,0,0,0,0,0,0,0,0,0,0,0,0,0,0,0,0,0,0,0,0,0,0,0,0,0,0,0,0,0,0,0,0,0,0,0,0,0,0,0,0,0
Pancreas_50_64years_Asian_Female,0,0,0,0,0,0,0,0,0,0,0,0,0,0,0,0,0,0,0,0,0,0,0,0,0,0,0,0,0,0,0,0,0,0,0,0,0,0,0,0,0,0,0,0,0,0
Pancreas_50_64years_American_Indian_Male,0,0,0,0,0,0,0,0,0,0,0,0,0,0,0,0,0,0,0,0,0,0,0,0,0,0,0,0,0,0,0,0,0,0,0,0,0,0,0,0,0,0,0,0,0,0
Pancreas_50_64years_American_Indian_Female,0,0,0,0,0,0,0,0,0,0,0,0,0,0,0,0,0,0,0,0,0,0,0,0,0,0,0,0,0,0,0,0,0,0,0,0,0,0,0,0,0,0,0,0,0,0
Pancreas_50_64years_PacificIslander_Male,0,0,0,0,0,0,0,0,0,0,0,0,0,0,0,0,0,0,0,0,0,0,0,0,0,0,0,0,0,0,0,0,0,0,0,0,0,0,0,0,0,0,0,0,0,0
Pancreas_50_64years_PacificIslander_Female,0,0,0,0,0,0,0,0,0,0,0,0,0,0,0,0,0,0,0,0,0,0,0,0,0,0,0,0,0,0,0,0,0,0,0,0,0,0,0,0,0,0,0,0,0,0
Pancreas_50_64years_Multiracial_Male,0,0,0,0,0,0,0,0,0,0,0,0,0,0,0,0,0,0,0,0,0,0,0,0,0,0,0,0,0,0,0,0,0,0,0,0,0,0,0,0,0,0,0,0,0,0
Pancreas_50_64years_Multiracial_Female,0,0,0,0,0,0,0,0,0,0,0,0,0,0,0,0,0,0,0,0,0,0,0,0,0,0,0,0,0,0,0,0,0,0,0,0,0,0,0,0,0,0,0,0,0,0
Pancreas_over65_White_Male,0,0,1,0,0,0,0,1,0,0,0,0,0,0,1,0,0,0,0,0,0,0,0,0,0,0,1,0,0,0,0,0,0,1,0,0,0,0,0,0,0,1,0,0,0,0
Pancreas_over65_White_Female,0,0,0,0,0,0,0,0,0,0,0,0,0,0,0,0,0,0,0,0,0,0,0,0,0,0,0,0,0,0,0,0,0,0,0,0,0,0,0,0,0,0,0,0,0,0
Pancreas_over65_Black_Male,0,0,0,0,0,0,0,0,0,0,0,0,0,0,0,0,0,0,0,0,0,0,0,0,0,0,0,0,0,0,0,0,0,0,0,0,0,0,0,0,0,0,0,0,0,0
Pancreas_over65_Black_Female,0,0,0,0,0,0,0,0,0,0,0,0,0,0,0,0,0,0,0,0,0,0,0,0,0,0,0,0,0,0,0,0,0,0,0,0,0,0,0,0,0,0,0,0,0,0
Pancreas_over65_Hispanic_Male,0,0,0,0,0,0,0,0,0,0,0,0,0,0,0,0,0,0,0,0,0,0,0,0,0,0,0,0,0,0,0,0,0,0,0,0,0,0,0,0,0,0,0,0,0,0
Pancreas_over65_Hispanic_Female,0,0,0,0,0,0,0,0,0,0,0,0,0,0,0,0,0,0,0,0,0,0,0,0,0,0,0,0,0,0,0,0,0,0,0,0,0,0,0,0,0,0,0,0,0,0
Pancreas_over65_Asian_Male,0,0,0,0,0,0,0,0,0,0,0,0,0,0,0,0,0,0,0,0,0,0,0,0,0,0,0,0,0,0,0,0,0,0,0,0,0,0,0,0,0,0,0,0,0,0
Pancreas_over65_Asian_Female,0,0,0,0,0,0,0,0,0,0,0,0,0,0,0,0,0,0,0,0,0,0,0,0,0,0,0,0,0,0,0,0,0,0,0,0,0,0,0,0,0,0,0,0,0,0
Pancreas_over65_American_Indian_Female,0,0,0,0,0,0,0,0,0,0,0,0,0,0,0,0,0,0,0,0,0,0,0,0,0,0,0,0,0,0,0,0,0,0,0,0,0,0,0,0,0,0,0,0,0,0
Pancreas_over65_PacificIslander_Female,0,0,0,0,0,0,0,0,0,0,0,0,0,0,0,0,0,0,0,0,0,0,0,0,0,0,0,0,0,0,0,0,0,0,0,0,0,0,0,0,0,0,0,0,0,0
Pancreas_over65_Multiracial_Male,0,0,0,0,0,0,0,0,0,0,0,0,0,0,0,0,0,0,0,0,0,0,0,0,0,0,0,0,0,0,0,0,0,0,0,0,0,0,0,0,0,0,0,0,0,0
Pancreas_over65_Multiracial_Female,0,0,0,0,0,0,0,0,0,0,0,0,0,0,0,0,0,0,0,0,0,0,0,0,0,0,0,0,0,0,0,0,0,0,0,0,0,0,0,0,0,0,0,0,0,0
Liver_under1_White_Male,0,19,0,10,0,1,17,11,2,0,0,12,0,1,11,4,2,0,0,7,8,8,0,0,0,0,2,2,2,0,0,1,0,30,0,2,3,2,3,8,1,2,1,0,4,4
Liver_under1_White_Female,0,7,2,6,0,0,9,3,2,1,0,5,0,2,3,0,5,0,0,3,5,2,1,0,0,0,3,0,0,0,0,1,0,15,0,0,3,0,0,2,0,3,2,0,1,4
Liver_under1_Black_Male,0,3,0,6,0,0,7,2,0,0,0,5,1,0,1,1,1,0,0,1,4,2,0,0,0,0,2,0,0,0,0,0,0,9,0,0,1,2,1,0,0,2,0,0,1,2
Liver_under1_Black_Female,0,3,0,2,0,0,4,0,1,0,0,1,1,0,1,1,1,0,0,1,2,1,0,0,0,0,0,0,0,0,0,1,0,5,0,0,0,0,1,1,0,0,1,0,2,0
Liver_under1_Hispanic_Male,0,5,0,4,0,1,4,5,0,1,0,1,2,1,4,1,1,0,0,2,4,3,0,0,0,0,0,0,1,0,0,0,0,10,0,0,0,0,4,4,0,0,1,0,0,1
Liver_under1_Hispanic_Female,0,1,0,2,0,0,2,1,0,0,0,2,0,0,0,1,0,0,0,1,2,0,0,0,0,0,0,0,0,0,0,0,0,3,0,0,1,0,1,1,0,0,0,0,0,0
Liver_under1_Asian_Male,0,0,0,0,0,0,0,0,0,0,0,0,0,0,0,0,0,0,0,0,0,0,0,0,0,0,0,0,0,0,0,0,0,0,0,0,0,0,0,0,0,0,0,0,0,0
Liver_under1_Asian_Female,0,0,0,1,0,0,1,0,0,0,0,0,0,1,0,0,0,0,0,0,1,0,0,0,0,0,0,0,0,0,0,0,0,1,0,0,0,0,0,1,0,0,0,0,0,0
Liver_under1_PacificIslander_Male,0,0,0,0,0,0,0,0,0,0,0,0,0,0,0,0,0,0,0,0,0,0,0,0,0,0,0,0,0,0,0,0,0,0,0,0,0,0,0,0,0,0,0,0,0,0
Liver_under1_Multiracial_Male,0,0,1,1,0,0,1,1,0,0,0,1,0,0,1,0,0,0,0,0,0,0,0,0,0,0,2,0,0,0,0,0,0,2,0,0,1,1,0,0,0,0,0,0,0,0
Liver_under1_Multiracial_Female,0,1,0,0,0,0,1,0,0,0,0,1,0,0,0,0,0,0,0,0,0,0,0,0,0,0,0,0,1,0,0,0,0,1,0,0,0,0,0,0,0,0,0,1,0,0
Liver_1_5years_White_Male,0,27,2,15,0,0,22,20,2,0,0,9,0,2,9,12,12,0,0,3,11,7,10,1,0,1,4,0,6,0,1,0,0,44,0,1,5,7,7,3,7,3,2,3,4,2
Liver_1_5years_White_Female,0,20,0,14,1,2,13,20,4,0,0,9,0,7,7,7,7,0,0,1,13,8,7,0,0,0,1,3,3,0,1,0,0,37,0,2,3,8,1,4,2,1,6,2,4,4
Liver_1_5years_Black_Male,0,9,1,3,0,1,7,5,1,1,0,1,1,0,4,4,4,0,0,1,3,2,4,0,0,0,1,1,2,0,0,0,0,14,0,1,0,6,1,0,0,1,0,1,0,4
Liver_1_5years_Black_Female,0,7,0,4,0,1,4,5,3,0,0,3,1,0,3,4,1,0,0,3,2,2,1,1,0,1,0,0,2,0,0,0,0,12,0,0,0,4,1,1,0,1,2,1,0,2
Liver_1_5years_Hispanic_Male,0,13,1,5,0,0,8,10,1,0,0,4,0,3,3,5,4,0,0,1,5,2,5,0,0,0,1,1,3,0,1,0,0,19,0,0,0,5,3,7,0,1,1,1,0,1
Liver_1_5years_Hispanic_Female,0,7,1,4,0,0,8,3,1,0,0,1,1,3,3,1,3,0,0,2,4,2,2,0,0,0,1,0,0,0,1,0,0,12,0,1,2,3,1,4,0,0,0,1,0,0
Liver_1_5years_Asian_Male,0,1,0,1,0,0,1,0,0,1,0,0,1,0,1,0,0,0,0,0,1,0,0,0,0,0,0,1,0,0,0,0,0,2,0,0,0,0,0,2,0,0,0,0,0,0
Liver_1_5years_Asian_Female,0,0,0,2,0,0,0,2,0,0,0,1,0,1,0,0,0,0,0,0,2,0,0,0,0,0,0,0,0,0,0,0,0,2,0,0,0,1,1,0,0,0,0,0,0,0
Liver_1_5years_American_Indian_Female,0,0,0,1,0,0,1,0,0,0,0,0,0,1,0,0,0,0,0,0,0,0,0,0,0,0,1,0,0,0,0,0,0,1,0,0,0,1,0,0,0,0,0,0,0,0
Liver_1_5years_Multiracial_Male,0,1,0,1,0,0,1,1,0,0,0,1,0,0,1,0,0,0,0,0,0,1,0,0,0,0,1,0,0,0,0,0,0,2,0,0,1,0,0,0,0,1,0,0,0,0
Liver_6_10years_White_Male,0,14,0,14,0,2,21,6,2,1,0,0,1,9,5,12,1,0,2,7,11,3,3,0,0,2,1,2,1,0,0,0,0,30,0,0,5,7,2,3,3,3,3,1,2,1
Liver_6_10years_White_Female,0,9,2,6,0,0,8,6,2,1,0,0,0,7,4,4,2,0,0,2,6,6,1,0,0,0,1,0,1,0,0,0,0,17,0,1,4,2,3,1,0,0,0,2,3,1
Liver_6_10years_Black_Male,0,6,1,7,0,1,7,6,1,1,0,0,1,5,4,2,3,0,0,0,4,3,2,0,0,2,2,2,0,0,0,0,0,15,0,0,0,9,3,1,0,1,0,0,1,0
Liver_6_10years_Black_Female,0,8,0,2,0,1,3,4,4,0,0,0,1,1,6,1,1,0,1,2,1,4,1,0,0,1,0,1,1,0,0,0,0,11,0,0,0,2,2,1,0,1,0,0,2,3
Liver_6_10years_Hispanic_Male,0,6,2,4,1,0,3,6,4,0,0,0,0,4,6,0,2,0,1,1,4,2,1,0,0,0,2,0,3,0,0,0,0,13,0,1,0,5,1,2,0,0,1,0,0,3
Liver_6_10years_Hispanic_Female,0,2,3,4,0,0,5,3,1,0,0,0,2,2,3,1,1,0,0,0,2,0,1,0,0,2,3,0,1,0,0,0,0,9,0,0,3,1,2,3,0,0,0,0,0,0
Liver_6_10years_Asian_Male,0,1,1,0,0,0,1,0,1,0,0,1,0,0,1,0,0,0,0,1,0,0,0,0,0,0,1,0,0,0,0,0,0,2,0,0,0,0,0,1,0,1,0,0,0,0
Liver_6_10years_Asian_Female,0,1,0,1,0,0,0,1,1,0,0,0,0,1,0,1,0,0,0,1,1,0,0,0,0,0,0,0,0,0,0,0,0,2,0,0,0,1,0,0,0,0,0,0,1,0
Liver_6_10years_American_Indian_Male,0,0,0,1,0,0,0,1,0,0,0,0,0,1,0,0,0,0,0,0,1,0,0,0,0,0,0,0,0,0,0,0,0,1,0,0,0,0,0,1,0,0,0,0,0,0
Liver_6_10years_American_Indian_Female,0,0,0,1,0,0,1,0,0,0,0,0,0,1,0,0,0,0,0,0,1,0,0,0,0,0,0,0,0,0,0,0,0,1,0,0,0,0,0,0,0,0,0,0,0,1
Liver_6_10years_PacificIslander_Male,0,0,0,1,0,0,1,0,0,0,0,0,0,0,0,1,0,0,0,0,1,0,0,0,0,0,0,0,0,0,0,0,0,1,0,0,0,0,1,0,0,0,0,0,0,0
Liver_6_10years_Multiracial_Male,0,2,0,0,0,0,2,0,0,0,0,0,0,0,0,1,0,0,1,1,0,0,1,0,0,0,0,0,0,0,0,0,0,2,0,0,1,0,0,0,1,0,0,0,0,0
Liver_6_10years_Multiracial_Female,0,0,0,0,1,0,0,1,0,0,0,0,0,0,1,0,0,0,0,0,0,0,0,0,0,0,0,1,0,0,0,0,0,1,0,0,0,1,0,0,0,0,0,0,0,0
Liver_11_17years_White_Male,0,56,6,89,1,4,71,62,17,6,0,0,5,46,19,20,16,0,50,25,49,14,3,8,0,37,11,4,4,0,1,0,0,156,0,3,18,33,17,18,9,12,18,4,13,11
Liver_11_17years_White_Female,0,25,7,45,2,1,43,29,6,2,0,0,2,37,15,9,6,0,11,9,37,10,1,3,0,7,8,3,1,0,1,0,0,80,0,3,6,14,10,8,5,7,10,0,10,7
Liver_11_17years_Black_Male,0,17,2,27,0,0,20,13,12,1,0,0,15,8,8,4,4,0,7,5,9,4,1,1,1,19,2,2,1,0,1,0,0,46,0,0,5,14,7,4,0,3,2,0,2,9
Liver_11_17years_Black_Female,0,13,2,4,0,0,15,3,1,0,0,0,1,3,8,2,1,0,4,6,3,4,2,0,0,1,2,1,0,0,0,0,0,19,0,0,3,6,2,2,0,1,0,1,0,4
Liver_11_17years_Hispanic_Male,0,8,3,23,0,1,24,8,3,0,0,0,9,9,6,3,1,0,7,5,11,2,0,0,0,12,3,1,1,0,0,0,0,35,0,0,2,7,7,14,0,2,0,0,0,3
Liver_11_17years_Hispanic_Female,0,7,3,11,0,0,8,9,3,1,0,0,2,9,2,1,2,0,5,4,9,2,0,1,0,2,3,0,0,0,0,0,0,21,0,0,0,0,8,7,1,0,3,1,1,0
Liver_11_17years_Asian_Male,0,1,0,1,0,0,1,1,0,0,0,0,0,0,1,0,0,0,1,0,0,1,0,0,0,1,0,0,0,0,0,0,0,2,0,0,0,0,0,0,2,0,0,0,0,0
Liver_11_17years_Asian_Female,0,0,1,0,0,0,0,0,0,1,0,0,0,0,1,0,0,0,0,0,0,0,0,0,0,0,1,0,0,0,0,0,0,1,0,0,0,0,0,0,1,0,0,0,0,0
Liver_11_17years_American_Indian_Male,0,2,0,0,0,0,2,0,0,0,0,0,0,0,1,0,0,0,1,1,0,1,0,0,0,0,0,0,0,0,0,0,0,2,0,0,0,0,0,1,0,1,0,0,0,0
Liver_11_17years_American_Indian_Female,0,0,1,0,0,0,1,0,0,0,0,0,0,0,1,0,0,0,0,0,0,0,0,0,0,0,1,0,0,0,0,0,0,1,0,0,0,0,0,0,1,0,0,0,0,0
Liver_11_17years_Multiracial_Male,0,0,1,0,0,0,0,1,0,0,0,0,0,0,1,0,0,0,0,0,0,0,0,0,0,0,1,0,0,0,0,0,0,1,0,0,1,0,0,0,0,0,0,0,0,0
Liver_18_34years_White_Male,50,268,49,521,3,19,429,376,82,23,0,0,51,270,96,129,116,50,198,53,348,58,8,129,1,163,68,12,10,50,7,0,3,860,50,33,106,125,76,111,46,84,98,17,94,120
Liver_18_34years_White_Female,50,222,53,180,4,8,240,216,51,10,0,0,21,119,113,58,93,50,63,36,140,57,4,104,0,36,55,13,14,50,8,0,0,467,50,14,67,62,50,67,17,47,58,20,56,59
Liver_18_34years_Black_Male,4,41,31,185,2,2,131,78,48,8,0,0,106,52,43,16,13,4,31,6,71,13,1,9,0,118,35,2,3,4,2,0,1,261,4,1,41,55,21,27,5,19,11,8,31,46
Liver_18_34years_Black_Female,3,32,23,29,1,1,33,27,25,4,0,0,6,22,41,1,14,3,2,2,22,22,0,2,0,6,25,3,2,3,2,0,0,86,3,1,11,25,6,5,0,3,3,6,13,16
Liver_18_34years_Hispanic_Male,11,54,28,140,0,6,137,67,31,4,0,0,34,64,37,36,26,11,31,5,90,18,2,22,1,54,28,1,3,11,1,0,3,228,11,12,19,23,39,85,4,16,5,20,6,10
Liver_18_34years_Hispanic_Female,9,25,21,27,0,1,61,19,2,1,0,0,3,20,28,6,11,9,6,5,21,7,0,12,0,5,20,3,1,9,0,0,0,74,9,6,5,13,20,23,0,3,5,6,1,1
Liver_18_34years_Asian_Male,2,6,0,18,0,0,12,8,5,1,0,0,4,10,2,2,3,2,3,1,13,3,0,2,0,5,0,0,0,2,0,0,0,24,2,0,2,1,2,13,2,2,0,1,3,0
Liver_18_34years_Asian_Female,2,7,1,2,0,0,5,4,3,0,0,0,1,0,3,1,3,2,2,2,1,3,0,1,0,1,1,0,0,2,1,0,0,10,2,0,3,1,0,2,1,1,0,2,0,2
Liver_18_34years_American_Indian_Male,0,3,0,5,0,0,6,2,0,0,0,0,2,1,0,3,1,0,1,1,2,0,0,2,0,2,1,0,0,0,0,0,0,8,0,0,0,0,0,2,2,3,0,0,1,0
Liver_18_34years_American_Indian_Female,0,0,0,3,0,0,1,2,0,0,0,0,1,2,0,0,0,0,0,0,2,0,0,0,0,1,0,0,0,0,0,0,0,3,0,0,0,1,0,0,1,0,0,0,0,1
Liver_18_34years_PacificIslander_Male,1,3,0,2,0,0,3,2,1,0,0,0,1,1,0,0,1,1,2,2,2,1,0,0,0,0,0,0,0,1,0,0,0,5,1,0,0,0,0,3,1,0,2,0,0,0
Liver_18_34years_PacificIslander_Female,0,0,0,1,0,0,1,0,0,0,0,0,0,1,0,0,0,0,0,0,0,0,0,0,0,0,1,0,0,0,0,0,0,1,0,0,0,0,0,1,0,0,0,0,0,0
Liver_18_34years_Multiracial_Male,1,0,0,17,0,0,6,9,3,0,0,0,4,10,0,1,0,1,2,0,13,0,0,0,0,4,0,0,0,1,0,0,0,17,1,0,1,14,0,0,0,1,0,2,0,0
Liver_18_34years_Multiracial_Female,0,3,4,0,0,0,2,3,1,1,0,0,0,0,6,1,0,0,0,0,0,2,1,0,0,0,4,0,0,0,0,0,0,7,0,0,0,6,0,0,1,0,0,0,0,0
Liver_35_49years_White_Male,32,202,173,242,3,17,308,272,71,18,0,0,27,116,223,72,89,32,110,35,159,80,5,66,4,73,180,15,13,32,5,0,2,637,32,26,91,83,44,76,26,75,75,25,60,88
Liver_35_49years_White_Female,41,186,188,68,5,14,252,194,43,13,0,0,6,38,264,34,85,41,34,17,48,94,2,53,0,18,189,20,14,41,6,0,0,461,41,18,60,81,37,67,20,34,45,22,53,65
Liver_35_49years_Black_Male,4,32,87,44,0,0,76,50,31,10,0,0,18,15,91,9,22,4,8,3,28,22,0,7,0,14,87,1,0,4,1,0,0,163,4,1,24,46,12,13,0,10,7,7,15,32
Liver_35_49years_Black_Female,0,46,88,8,0,1,65,46,24,8,0,0,3,4,118,3,12,0,3,4,4,37,0,3,0,3,87,3,2,0,0,0,0,143,0,3,17,37,11,10,0,14,6,6,14,25
Liver_35_49years_Hispanic_Male,6,28,54,59,1,3,85,48,11,7,0,0,4,27,67,21,13,6,13,6,45,13,1,4,0,9,58,5,3,6,1,0,0,145,6,7,19,16,22,49,5,7,10,8,5,3
Liver_35_49years_Hispanic_Female,6,24,55,9,2,3,60,24,8,7,0,0,1,4,70,4,11,6,3,1,8,17,0,5,0,1,53,4,3,6,1,0,0,93,6,3,7,18,17,31,1,5,2,11,1,3
Liver_35_49years_Asian_Male,2,5,10,5,0,1,9,4,7,3,0,0,0,2,17,2,0,2,0,0,5,4,0,0,0,0,10,1,1,2,0,0,0,21,2,1,3,1,2,9,1,3,2,1,0,0
Liver_35_49years_Asian_Female,1,2,21,1,0,2,11,6,7,3,0,0,0,1,22,0,3,1,0,0,1,2,0,1,0,0,21,1,0,1,0,0,0,26,1,0,1,2,1,12,5,0,1,3,1,1
Liver_35_49years_American_Indian_Male,0,1,1,1,0,1,2,2,0,0,0,0,1,0,1,1,1,0,0,0,1,1,0,0,0,0,1,1,0,0,0,0,0,4,0,0,0,0,1,1,1,0,1,0,0,0
Liver_35_49years_American_Indian_Female,0,1,1,1,0,0,1,2,0,0,0,0,0,1,2,0,0,0,0,0,1,1,0,0,0,0,1,0,0,0,0,0,0,3,0,0,0,0,0,2,1,0,0,0,0,0
Liver_35_49years_PacificIslander_Male,0,0,1,1,0,0,1,0,1,0,0,0,0,0,1,1,0,0,0,0,1,0,0,0,0,0,1,0,0,0,0,0,0,2,0,0,0,0,0,0,2,0,0,0,0,0
Liver_35_49years_PacificIslander_Female,0,0,2,1,0,0,2,1,0,0,0,0,0,1,2,0,0,0,0,0,1,0,0,0,0,0,2,0,0,0,0,0,0,3,0,0,0,0,0,1,2,0,0,0,0,0
Liver_35_49years_Multiracial_Male,1,0,4,9,0,0,7,5,0,2,0,0,1,5,4,2,0,1,1,0,7,0,0,0,0,2,4,0,0,1,0,0,0,13,1,0,0,13,0,0,0,0,0,0,0,1
Liver_35_49years_Multiracial_Female,0,1,7,0,0,0,7,1,0,0,0,0,0,0,8,0,0,0,0,0,0,1,0,0,0,0,7,0,0,0,0,0,0,8,0,1,2,5,0,0,0,0,0,0,0,0
Liver_50_64years_White_Male,7,150,286,143,1,8,277,235,66,17,0,0,4,61,344,66,70,7,43,18,109,106,1,14,0,32,285,13,7,7,2,0,1,588,7,28,94,85,39,83,15,62,55,22,49,63
Liver_50_64years_White_Female,15,158,308,64,1,12,246,241,57,14,0,0,2,30,393,32,66,15,20,7,47,116,0,24,0,13,306,23,3,15,4,0,0,543,15,24,81,93,36,64,17,37,44,23,68,71
Liver_50_64years_Black_Male,2,22,136,22,0,2,89,56,29,10,0,0,8,5,138,8,22,2,1,0,16,20,0,0,0,4,136,3,3,2,0,0,0,182,2,7,36,52,11,14,0,16,7,9,11,21
Liver_50_64years_Black_Female,0,53,118,8,2,3,95,46,35,8,0,0,3,4,149,9,18,0,1,3,6,42,0,5,0,1,117,8,1,0,1,0,0,184,0,0,40,44,13,12,0,16,10,7,9,33
Liver_50_64years_Hispanic_Male,0,16,73,24,0,1,72,30,10,2,0,0,6,6,76,10,14,0,2,1,17,13,0,0,0,5,72,3,2,0,0,0,1,114,0,2,6,18,16,43,1,5,5,9,3,6
Liver_50_64years_Hispanic_Female,1,12,53,5,0,0,48,19,4,0,0,0,0,4,54,2,9,1,1,1,3,9,0,0,0,0,55,1,1,1,0,0,0,70,1,0,3,20,14,20,1,0,3,8,2,0
Liver_50_64years_Asian_Male,0,4,15,6,0,0,12,5,8,0,0,0,1,4,18,1,1,0,0,0,6,5,0,0,0,0,14,0,0,0,0,0,0,25,0,0,6,2,0,11,3,1,0,1,1,0
Liver_50_64years_Asian_Female,0,3,16,1,0,0,9,4,6,1,0,0,0,0,18,1,1,0,0,0,1,3,0,0,0,0,14,2,0,0,0,0,0,20,0,0,1,1,1,9,3,1,1,1,1,1
Liver_50_64years_American_Indian_Male,0,2,0,0,0,0,2,0,0,0,0,0,0,0,2,0,0,0,0,0,0,2,0,0,0,0,0,0,0,0,0,0,0,2,0,0,0,0,0,1,0,1,0,0,0,0
Liver_50_64years_American_Indian_Female,0,0,1,0,0,1,2,0,0,0,0,0,0,0,2,0,0,0,0,0,0,0,0,0,0,0,2,0,0,0,0,0,0,2,0,0,0,1,0,0,0,0,1,0,0,0
Liver_50_64years_PacificIslander_Male,0,0,1,1,0,0,0,1,1,0,0,0,1,0,1,0,0,0,0,0,1,0,0,0,0,0,1,0,0,0,0,0,0,2,0,0,0,0,0,1,1,0,0,0,0,0
Liver_50_64years_PacificIslander_Female,0,0,2,0,0,0,1,1,0,0,0,0,0,0,2,0,0,0,0,0,0,0,0,0,0,0,2,0,0,0,0,0,0,2,0,0,0,0,0,1,0,0,0,0,0,1
Liver_50_64years_Multiracial_Male,0,1,5,2,0,0,7,0,1,0,0,0,0,0,6,2,0,0,0,0,2,1,0,0,0,0,5,0,0,0,0,0,0,8,0,0,0,5,0,1,1,0,0,1,0,0
Liver_50_64years_Multiracial_Female,0,0,5,0,0,0,4,1,0,0,0,0,0,0,5,0,0,0,0,0,0,0,0,0,0,0,5,0,0,0,0,0,0,5,0,0,1,4,0,0,0,0,0,0,0,0
Liver_over65_White_Male,1,28,113,38,0,0,80,81,17,2,0,0,0,6,123,26,18,1,6,3,27,25,0,0,0,6,114,3,0,1,1,0,0,179,1,11,41,22,8,22,1,23,18,9,6,19
Liver_over65_White_Female,0,47,160,38,0,3,136,88,17,7,0,0,1,11,180,26,29,0,1,3,36,43,0,0,0,1,157,7,1,0,0,0,0,248,0,11,59,32,8,30,2,22,31,13,12,28
Liver_over65_Black_Male,0,6,22,1,0,0,18,7,4,0,0,0,0,1,23,1,4,0,0,0,1,5,1,0,0,0,22,0,0,0,0,0,0,29,0,0,3,9,1,0,0,5,0,6,1,4
Liver_over65_Black_Female,0,12,24,2,0,0,22,9,6,1,0,0,0,1,32,3,2,0,0,1,1,10,0,0,0,0,25,1,0,0,0,0,0,38,0,0,11,4,2,2,0,5,4,7,2,1
Liver_over65_Hispanic_Male,0,5,15,5,0,0,14,11,0,0,0,0,1,1,18,3,2,0,0,1,4,3,0,0,0,0,16,1,0,0,0,0,0,25,0,0,2,10,1,7,1,1,0,3,0,0
Liver_over65_Hispanic_Female,0,4,13,2,0,0,9,9,1,0,0,0,0,1,15,1,2,0,0,0,2,4,0,0,0,0,13,0,0,0,0,0,0,19,0,0,0,3,2,6,0,1,1,6,0,0
Liver_over65_Asian_Male,0,1,3,3,0,0,1,2,3,1,0,0,0,0,3,3,1,0,0,0,2,1,0,0,0,0,4,0,0,0,0,0,0,7,0,0,2,1,1,3,0,0,0,0,0,0
Liver_over65_Asian_Female,0,1,8,1,0,0,3,2,5,0,0,0,0,0,7,1,2,0,0,0,1,0,0,0,0,0,7,2,0,0,0,0,0,10,0,0,2,0,1,0,1,1,0,4,1,0
Liver_over65_American_Indian_Female,0,0,1,0,0,0,1,0,0,0,0,0,0,0,1,0,0,0,0,0,0,0,0,0,0,0,1,0,0,0,0,0,0,1,0,0,0,0,0,0,0,0,0,0,0,1
Liver_over65_PacificIslander_Female,0,0,1,0,0,0,1,0,0,0,0,0,0,0,0,0,1,0,0,0,0,0,0,0,0,0,1,0,0,0,0,0,0,1,0,0,0,0,0,0,0,0,1,0,0,0
Liver_over65_Multiracial_Male,0,0,2,0,0,0,2,0,0,0,0,0,0,0,2,0,0,0,0,0,0,0,0,0,0,0,2,0,0,0,0,0,0,2,0,0,0,2,0,0,0,0,0,0,0,0
Liver_over65_Multiracial_Female,0,0,4,1,0,0,2,1,2,0,0,0,0,1,4,0,0,0,0,0,1,0,0,0,0,0,4,0,0,0,0,0,0,5,0,0,0,5,0,0,0,0,0,0,0,0
Intestine_under1_White_Male,0,0,0,2,0,0,1,1,0,0,0,2,0,0,0,0,0,0,0,0,2,0,0,0,0,0,0,0,0,0,0,0,0,2,0,0,0,0,0,0,0,0,1,0,0,1
Intestine_under1_White_Female,0,2,0,3,0,0,5,0,0,0,0,3,0,1,0,0,1,0,0,1,3,1,0,0,0,0,0,0,0,0,0,0,0,5,0,0,1,0,0,0,0,0,1,0,0,3
Intestine_under1_Black_Male,0,0,0,5,0,0,4,1,0,0,0,5,0,0,0,0,0,0,0,0,3,0,0,0,0,0,2,0,0,0,0,0,0,5,0,0,1,1,1,0,0,1,0,0,0,1
Intestine_under1_Black_Female,0,1,0,1,0,0,2,0,0,0,0,1,0,0,1,0,0,0,0,0,1,0,0,0,0,0,0,0,0,0,0,1,0,2,0,0,0,0,0,0,0,0,1,0,1,0
Intestine_under1_Hispanic_Male,0,1,0,0,0,0,1,0,0,0,0,0,0,0,1,0,0,0,0,1,0,0,0,0,0,0,0,0,0,0,0,0,0,1,0,0,0,0,0,0,0,0,1,0,0,0
Intestine_under1_Hispanic_Female,0,1,0,0,0,0,1,0,0,0,0,1,0,0,0,0,0,0,0,1,0,0,0,0,0,0,0,0,0,0,0,0,0,1,0,0,0,0,0,0,0,1,0,0,0,0
Intestine_under1_Asian_Male,0,0,0,0,0,0,0,0,0,0,0,0,0,0,0,0,0,0,0,0,0,0,0,0,0,0,0,0,0,0,0,0,0,0,0,0,0,0,0,0,0,0,0,0,0,0
Intestine_under1_Asian_Female,0,0,0,0,0,0,0,0,0,0,0,0,0,0,0,0,0,0,0,0,0,0,0,0,0,0,0,0,0,0,0,0,0,0,0,0,0,0,0,0,0,0,0,0,0,0
Intestine_under1_PacificIslander_Male,0,0,0,0,0,0,0,0,0,0,0,0,0,0,0,0,0,0,0,0,0,0,0,0,0,0,0,0,0,0,0,0,0,0,0,0,0,0,0,0,0,0,0,0,0,0
Intestine_under1_Multiracial_Male,0,0,0,0,0,0,0,0,0,0,0,0,0,0,0,0,0,0,0,0,0,0,0,0,0,0,0,0,0,0,0,0,0,0,0,0,0,0,0,0,0,0,0,0,0,0
Intestine_under1_Multiracial_Female,0,0,0,0,0,0,0,0,0,0,0,0,0,0,0,0,0,0,0,0,0,0,0,0,0,0,0,0,0,0,0,0,0,0,0,0,0,0,0,0,0,0,0,0,0,0
Intestine_1_5years_White_Male,0,3,1,2,0,0,2,3,1,0,0,1,0,1,2,1,1,0,0,1,2,1,0,0,0,0,1,0,0,0,1,0,0,6,0,0,0,1,3,0,0,0,0,0,2,0
Intestine_1_5years_White_Female,0,2,0,3,0,0,2,1,2,0,0,1,0,2,0,1,1,0,0,0,3,1,1,0,0,0,0,0,0,0,0,0,0,5,0,0,0,3,0,0,0,0,2,0,0,0
Intestine_1_5years_Black_Male,0,3,0,1,0,0,1,1,1,1,0,0,0,0,1,2,1,0,0,0,1,0,2,0,0,0,0,1,0,0,0,0,0,4,0,0,1,1,0,0,0,0,0,0,0,2
Intestine_1_5years_Black_Female,0,0,0,1,0,1,2,0,0,0,0,1,0,0,1,0,0,0,0,0,1,1,0,0,0,0,0,0,0,0,0,0,0,2,0,0,0,0,1,0,0,0,0,1,0,0
Intestine_1_5years_Hispanic_Male,0,2,0,0,0,0,0,2,0,0,0,1,0,0,0,1,0,0,0,0,0,0,1,0,0,0,0,0,1,0,0,0,0,2,0,0,0,0,1,1,0,0,0,0,0,0
Intestine_1_5years_Hispanic_Female,0,0,0,0,0,0,0,0,0,0,0,0,0,0,0,0,0,0,0,0,0,0,0,0,0,0,0,0,0,0,0,0,0,0,0,0,0,0,0,0,0,0,0,0,0,0
Intestine_1_5years_Asian_Male,0,0,0,0,0,0,0,0,0,0,0,0,0,0,0,0,0,0,0,0,0,0,0,0,0,0,0,0,0,0,0,0,0,0,0,0,0,0,0,0,0,0,0,0,0,0
Intestine_1_5years_Asian_Female,0,0,0,0,0,0,0,0,0,0,0,0,0,0,0,0,0,0,0,0,0,0,0,0,0,0,0,0,0,0,0,0,0,0,0,0,0,0,0,0,0,0,0,0,0,0
Intestine_1_5years_American_Indian_Female,0,0,0,1,0,0,1,0,0,0,0,0,0,1,0,0,0,0,0,0,0,0,0,0,0,0,1,0,0,0,0,0,0,1,0,0,0,1,0,0,0,0,0,0,0,0
Intestine_1_5years_Multiracial_Male,0,0,0,0,0,0,0,0,0,0,0,0,0,0,0,0,0,0,0,0,0,0,0,0,0,0,0,0,0,0,0,0,0,0,0,0,0,0,0,0,0,0,0,0,0,0
Intestine_6_10years_White_Male,0,1,0,3,0,0,4,0,0,0,0,0,0,2,1,1,0,0,0,1,2,0,0,0,0,1,0,0,0,0,0,0,0,4,0,0,1,1,0,0,0,0,0,0,1,1
Intestine_6_10years_White_Female,0,2,1,1,0,0,1,1,2,0,0,0,0,1,2,1,0,0,0,1,1,1,0,0,0,0,1,0,0,0,0,0,0,4,0,0,0,1,0,0,0,0,0,0,3,0
Intestine_6_10years_Black_Male,0,2,0,1,0,0,2,0,1,0,0,0,0,1,1,1,0,0,0,0,1,0,1,0,0,0,0,1,0,0,0,0,0,3,0,0,0,1,0,0,0,1,0,0,1,0
Intestine_6_10years_Black_Female,0,0,0,0,0,0,0,0,0,0,0,0,0,0,0,0,0,0,0,0,0,0,0,0,0,0,0,0,0,0,0,0,0,0,0,0,0,0,0,0,0,0,0,0,0,0
Intestine_6_10years_Hispanic_Male,0,1,0,0,0,0,0,1,0,0,0,0,0,0,0,0,1,0,0,0,0,1,0,0,0,0,0,0,0,0,0,0,0,1,0,1,0,0,0,0,0,0,0,0,0,0
Intestine_6_10years_Hispanic_Female,0,0,0,2,0,0,1,1,0,0,0,0,0,2,0,0,0,0,0,0,2,0,0,0,0,0,0,0,0,0,0,0,0,2,0,0,0,1,0,1,0,0,0,0,0,0
Intestine_6_10years_Asian_Male,0,0,0,0,0,0,0,0,0,0,0,0,0,0,0,0,0,0,0,0,0,0,0,0,0,0,0,0,0,0,0,0,0,0,0,0,0,0,0,0,0,0,0,0,0,0
Intestine_6_10years_Asian_Female,0,0,0,0,0,0,0,0,0,0,0,0,0,0,0,0,0,0,0,0,0,0,0,0,0,0,0,0,0,0,0,0,0,0,0,0,0,0,0,0,0,0,0,0,0,0
Intestine_6_10years_American_Indian_Male,0,0,0,0,0,0,0,0,0,0,0,0,0,0,0,0,0,0,0,0,0,0,0,0,0,0,0,0,0,0,0,0,0,0,0,0,0,0,0,0,0,0,0,0,0,0
Intestine_6_10years_American_Indian_Female,0,0,0,0,0,0,0,0,0,0,0,0,0,0,0,0,0,0,0,0,0,0,0,0,0,0,0,0,0,0,0,0,0,0,0,0,0,0,0,0,0,0,0,0,0,0
Intestine_6_10years_PacificIslander_Male,0,0,0,0,0,0,0,0,0,0,0,0,0,0,0,0,0,0,0,0,0,0,0,0,0,0,0,0,0,0,0,0,0,0,0,0,0,0,0,0,0,0,0,0,0,0
Intestine_6_10years_Multiracial_Male,0,0,0,0,0,0,0,0,0,0,0,0,0,0,0,0,0,0,0,0,0,0,0,0,0,0,0,0,0,0,0,0,0,0,0,0,0,0,0,0,0,0,0,0,0,0
Intestine_6_10years_Multiracial_Female,0,0,0,0,0,0,0,0,0,0,0,0,0,0,0,0,0,0,0,0,0,0,0,0,0,0,0,0,0,0,0,0,0,0,0,0,0,0,0,0,0,0,0,0,0,0
Intestine_11_17years_White_Male,0,3,1,1,0,0,3,2,0,0,0,0,0,1,1,0,0,0,3,2,1,0,0,1,0,0,1,0,0,0,0,0,0,5,0,0,0,1,0,0,0,1,0,0,3,0
Intestine_11_17years_White_Female,0,3,1,1,0,0,4,0,1,0,0,0,0,0,3,0,0,0,2,1,0,1,0,0,0,1,1,0,0,0,1,0,0,5,0,0,0,0,0,1,0,1,0,0,2,1
Intestine_11_17years_Black_Male,0,0,0,2,0,0,2,0,0,0,0,0,2,0,0,0,0,0,0,0,0,0,0,0,0,2,0,0,0,0,0,0,0,2,0,0,0,2,0,0,0,0,0,0,0,0
Intestine_11_17years_Black_Female,0,0,0,0,0,0,0,0,0,0,0,0,0,0,0,0,0,0,0,0,0,0,0,0,0,0,0,0,0,0,0,0,0,0,0,0,0,0,0,0,0,0,0,0,0,0
Intestine_11_17years_Hispanic_Male,0,0,1,1,0,1,3,0,0,0,0,0,1,0,2,0,0,0,0,0,0,0,0,0,0,1,1,1,0,0,0,0,0,3,0,0,0,3,0,0,0,0,0,0,0,0
Intestine_11_17years_Hispanic_Female,0,0,0,0,0,0,0,0,0,0,0,0,0,0,0,0,0,0,0,0,0,0,0,0,0,0,0,0,0,0,0,0,0,0,0,0,0,0,0,0,0,0,0,0,0,0
Intestine_11_17years_Asian_Male,0,0,0,0,0,0,0,0,0,0,0,0,0,0,0,0,0,0,0,0,0,0,0,0,0,0,0,0,0,0,0,0,0,0,0,0,0,0,0,0,0,0,0,0,0,0
Intestine_11_17years_Asian_Female,0,0,0,0,0,0,0,0,0,0,0,0,0,0,0,0,0,0,0,0,0,0,0,0,0,0,0,0,0,0,0,0,0,0,0,0,0,0,0,0,0,0,0,0,0,0
Intestine_11_17years_American_Indian_Male,0,0,0,0,0,0,0,0,0,0,0,0,0,0,0,0,0,0,0,0,0,0,0,0,0,0,0,0,0,0,0,0,0,0,0,0,0,0,0,0,0,0,0,0,0,0
Intestine_11_17years_American_Indian_Female,0,0,0,0,0,0,0,0,0,0,0,0,0,0,0,0,0,0,0,0,0,0,0,0,0,0,0,0,0,0,0,0,0,0,0,0,0,0,0,0,0,0,0,0,0,0
Intestine_11_17years_Multiracial_Male,0,0,0,0,0,0,0,0,0,0,0,0,0,0,0,0,0,0,0,0,0,0,0,0,0,0,0,0,0,0,0,0,0,0,0,0,0,0,0,0,0,0,0,0,0,0
Intestine_18_34years_White_Male,0,2,0,11,0,0,8,4,1,0,0,0,0,4,0,2,1,0,6,0,5,0,1,1,0,6,0,0,0,0,0,0,0,13,0,0,0,1,1,0,1,2,0,0,4,4
Intestine_18_34years_White_Female,0,4,0,7,0,1,5,5,1,1,0,0,2,4,0,1,4,0,1,1,5,0,0,3,0,1,1,0,1,0,0,0,0,12,0,1,0,1,0,0,0,1,2,0,5,2
Intestine_18_34years_Black_Male,0,0,0,9,0,0,5,1,3,0,0,0,4,5,0,0,0,0,0,0,5,0,0,0,0,4,0,0,0,0,0,0,0,9,0,0,1,2,2,0,0,1,0,0,2,1
Intestine_18_34years_Black_Female,0,2,1,1,0,0,0,0,4,0,0,0,0,1,2,0,1,0,0,0,1,2,0,0,0,0,1,0,0,0,0,0,0,4,0,0,0,0,0,0,0,0,0,1,3,0
Intestine_18_34years_Hispanic_Male,0,0,1,0,0,0,1,0,0,0,0,0,0,0,1,0,0,0,0,0,0,0,0,0,0,0,1,0,0,0,0,0,0,1,0,0,0,0,0,0,0,0,0,0,1,0
Intestine_18_34years_Hispanic_Female,0,0,0,1,0,0,1,0,0,0,0,0,1,0,0,0,0,0,0,0,0,0,0,0,0,1,0,0,0,0,0,0,0,1,0,0,0,1,0,0,0,0,0,0,0,0
Intestine_18_34years_Asian_Male,0,0,0,1,0,0,0,1,0,0,0,0,0,0,0,0,0,0,1,0,0,0,0,0,0,1,0,0,0,0,0,0,0,1,0,0,0,0,0,0,0,0,0,0,1,0
Intestine_18_34years_Asian_Female,0,0,0,0,0,0,0,0,0,0,0,0,0,0,0,0,0,0,0,0,0,0,0,0,0,0,0,0,0,0,0,0,0,0,0,0,0,0,0,0,0,0,0,0,0,0
Intestine_18_34years_American_Indian_Male,0,0,0,0,0,0,0,0,0,0,0,0,0,0,0,0,0,0,0,0,0,0,0,0,0,0,0,0,0,0,0,0,0,0,0,0,0,0,0,0,0,0,0,0,0,0
Intestine_18_34years_American_Indian_Female,0,0,0,0,0,0,0,0,0,0,0,0,0,0,0,0,0,0,0,0,0,0,0,0,0,0,0,0,0,0,0,0,0,0,0,0,0,0,0,0,0,0,0,0,0,0
Intestine_18_34years_PacificIslander_Male,0,0,0,0,0,0,0,0,0,0,0,0,0,0,0,0,0,0,0,0,0,0,0,0,0,0,0,0,0,0,0,0,0,0,0,0,0,0,0,0,0,0,0,0,0,0
Intestine_18_34years_PacificIslander_Female,0,0,0,0,0,0,0,0,0,0,0,0,0,0,0,0,0,0,0,0,0,0,0,0,0,0,0,0,0,0,0,0,0,0,0,0,0,0,0,0,0,0,0,0,0,0
Intestine_18_34years_Multiracial_Male,0,0,0,0,0,0,0,0,0,0,0,0,0,0,0,0,0,0,0,0,0,0,0,0,0,0,0,0,0,0,0,0,0,0,0,0,0,0,0,0,0,0,0,0,0,0
Intestine_18_34years_Multiracial_Female,0,0,0,0,0,0,0,0,0,0,0,0,0,0,0,0,0,0,0,0,0,0,0,0,0,0,0,0,0,0,0,0,0,0,0,0,0,0,0,0,0,0,0,0,0,0
Intestine_35_49years_White_Male,0,1,1,0,0,1,2,1,0,0,0,0,0,1,2,0,0,0,0,0,1,1,0,0,0,0,1,0,0,0,0,0,0,3,0,0,0,0,0,0,0,0,1,0,1,1
Intestine_35_49years_White_Female,1,1,4,3,0,1,7,3,0,0,0,0,0,0,4,1,1,1,3,1,1,0,0,0,0,2,5,0,0,1,0,0,0,9,1,0,0,3,0,0,0,1,1,0,4,1
Intestine_35_49years_Black_Male,0,0,1,0,0,0,0,0,0,1,0,0,0,0,1,0,0,0,0,0,0,0,0,0,0,0,1,0,0,0,0,0,0,1,0,0,0,0,0,0,0,0,0,0,0,1
Intestine_35_49years_Black_Female,0,0,0,0,0,0,0,0,0,0,0,0,0,0,0,0,0,0,0,0,0,0,0,0,0,0,0,0,0,0,0,0,0,0,0,0,0,0,0,0,0,0,0,0,0,0
Intestine_35_49years_Hispanic_Male,0,0,0,0,0,0,0,0,0,0,0,0,0,0,0,0,0,0,0,0,0,0,0,0,0,0,0,0,0,0,0,0,0,0,0,0,0,0,0,0,0,0,0,0,0,0
Intestine_35_49years_Hispanic_Female,0,0,1,1,0,0,1,0,0,1,0,0,0,0,1,0,0,0,1,0,0,0,0,0,0,1,1,0,0,0,0,0,0,2,0,0,0,2,0,0,0,0,0,0,0,0
Intestine_35_49years_Asian_Male,0,0,0,0,0,0,0,0,0,0,0,0,0,0,0,0,0,0,0,0,0,0,0,0,0,0,0,0,0,0,0,0,0,0,0,0,0,0,0,0,0,0,0,0,0,0
Intestine_35_49years_Asian_Female,0,0,0,0,0,0,0,0,0,0,0,0,0,0,0,0,0,0,0,0,0,0,0,0,0,0,0,0,0,0,0,0,0,0,0,0,0,0,0,0,0,0,0,0,0,0
Intestine_35_49years_American_Indian_Male,0,0,0,0,0,0,0,0,0,0,0,0,0,0,0,0,0,0,0,0,0,0,0,0,0,0,0,0,0,0,0,0,0,0,0,0,0,0,0,0,0,0,0,0,0,0
Intestine_35_49years_American_Indian_Female,0,0,0,0,0,0,0,0,0,0,0,0,0,0,0,0,0,0,0,0,0,0,0,0,0,0,0,0,0,0,0,0,0,0,0,0,0,0,0,0,0,0,0,0,0,0
Intestine_35_49years_PacificIslander_Male,0,0,0,0,0,0,0,0,0,0,0,0,0,0,0,0,0,0,0,0,0,0,0,0,0,0,0,0,0,0,0,0,0,0,0,0,0,0,0,0,0,0,0,0,0,0
Intestine_35_49years_PacificIslander_Female,0,0,0,0,0,0,0,0,0,0,0,0,0,0,0,0,0,0,0,0,0,0,0,0,0,0,0,0,0,0,0,0,0,0,0,0,0,0,0,0,0,0,0,0,0,0
Intestine_35_49years_Multiracial_Male,0,0,0,0,0,0,0,0,0,0,0,0,0,0,0,0,0,0,0,0,0,0,0,0,0,0,0,0,0,0,0,0,0,0,0,0,0,0,0,0,0,0,0,0,0,0
Intestine_35_49years_Multiracial_Female,0,0,0,0,0,0,0,0,0,0,0,0,0,0,0,0,0,0,0,0,0,0,0,0,0,0,0,0,0,0,0,0,0,0,0,0,0,0,0,0,0,0,0,0,0,0
Intestine_50_64years_White_Male,0,0,0,0,0,0,0,0,0,0,0,0,0,0,0,0,0,0,0,0,0,0,0,0,0,0,0,0,0,0,0,0,0,0,0,0,0,0,0,0,0,0,0,0,0,0
Intestine_50_64years_White_Female,0,0,0,0,0,0,0,0,0,0,0,0,0,0,0,0,0,0,0,0,0,0,0,0,0,0,0,0,0,0,0,0,0,0,0,0,0,0,0,0,0,0,0,0,0,0
Intestine_50_64years_Black_Male,0,0,0,0,0,0,0,0,0,0,0,0,0,0,0,0,0,0,0,0,0,0,0,0,0,0,0,0,0,0,0,0,0,0,0,0,0,0,0,0,0,0,0,0,0,0
Intestine_50_64years_Black_Female,0,0,0,0,0,0,0,0,0,0,0,0,0,0,0,0,0,0,0,0,0,0,0,0,0,0,0,0,0,0,0,0,0,0,0,0,0,0,0,0,0,0,0,0,0,0
Intestine_50_64years_Hispanic_Male,0,0,0,0,0,0,0,0,0,0,0,0,0,0,0,0,0,0,0,0,0,0,0,0,0,0,0,0,0,0,0,0,0,0,0,0,0,0,0,0,0,0,0,0,0,0
Intestine_50_64years_Hispanic_Female,0,0,0,0,0,0,0,0,0,0,0,0,0,0,0,0,0,0,0,0,0,0,0,0,0,0,0,0,0,0,0,0,0,0,0,0,0,0,0,0,0,0,0,0,0,0
Intestine_50_64years_Asian_Male,0,0,0,0,0,0,0,0,0,0,0,0,0,0,0,0,0,0,0,0,0,0,0,0,0,0,0,0,0,0,0,0,0,0,0,0,0,0,0,0,0,0,0,0,0,0
Intestine_50_64years_Asian_Female,0,0,0,0,0,0,0,0,0,0,0,0,0,0,0,0,0,0,0,0,0,0,0,0,0,0,0,0,0,0,0,0,0,0,0,0,0,0,0,0,0,0,0,0,0,0
Intestine_50_64years_American_Indian_Male,0,0,0,0,0,0,0,0,0,0,0,0,0,0,0,0,0,0,0,0,0,0,0,0,0,0,0,0,0,0,0,0,0,0,0,0,0,0,0,0,0,0,0,0,0,0
Intestine_50_64years_American_Indian_Female,0,0,0,0,0,0,0,0,0,0,0,0,0,0,0,0,0,0,0,0,0,0,0,0,0,0,0,0,0,0,0,0,0,0,0,0,0,0,0,0,0,0,0,0,0,0
Intestine_50_64years_PacificIslander_Male,0,0,0,0,0,0,0,0,0,0,0,0,0,0,0,0,0,0,0,0,0,0,0,0,0,0,0,0,0,0,0,0,0,0,0,0,0,0,0,0,0,0,0,0,0,0
Intestine_50_64years_PacificIslander_Female,0,0,0,0,0,0,0,0,0,0,0,0,0,0,0,0,0,0,0,0,0,0,0,0,0,0,0,0,0,0,0,0,0,0,0,0,0,0,0,0,0,0,0,0,0,0
Intestine_50_64years_Multiracial_Male,0,0,0,0,0,0,0,0,0,0,0,0,0,0,0,0,0,0,0,0,0,0,0,0,0,0,0,0,0,0,0,0,0,0,0,0,0,0,0,0,0,0,0,0,0,0
Intestine_50_64years_Multiracial_Female,0,0,0,0,0,0,0,0,0,0,0,0,0,0,0,0,0,0,0,0,0,0,0,0,0,0,0,0,0,0,0,0,0,0,0,0,0,0,0,0,0,0,0,0,0,0
Intestine_over65_White_Male,0,0,0,0,0,0,0,0,0,0,0,0,0,0,0,0,0,0,0,0,0,0,0,0,0,0,0,0,0,0,0,0,0,0,0,0,0,0,0,0,0,0,0,0,0,0
Intestine_over65_White_Female,0,0,0,0,0,0,0,0,0,0,0,0,0,0,0,0,0,0,0,0,0,0,0,0,0,0,0,0,0,0,0,0,0,0,0,0,0,0,0,0,0,0,0,0,0,0
Intestine_over65_Black_Male,0,0,0,0,0,0,0,0,0,0,0,0,0,0,0,0,0,0,0,0,0,0,0,0,0,0,0,0,0,0,0,0,0,0,0,0,0,0,0,0,0,0,0,0,0,0
Intestine_over65_Black_Female,0,0,0,0,0,0,0,0,0,0,0,0,0,0,0,0,0,0,0,0,0,0,0,0,0,0,0,0,0,0,0,0,0,0,0,0,0,0,0,0,0,0,0,0,0,0
Intestine_over65_Hispanic_Male,0,0,0,0,0,0,0,0,0,0,0,0,0,0,0,0,0,0,0,0,0,0,0,0,0,0,0,0,0,0,0,0,0,0,0,0,0,0,0,0,0,0,0,0,0,0
Intestine_over65_Hispanic_Female,0,0,0,0,0,0,0,0,0,0,0,0,0,0,0,0,0,0,0,0,0,0,0,0,0,0,0,0,0,0,0,0,0,0,0,0,0,0,0,0,0,0,0,0,0,0
Intestine_over65_Asian_Male,0,0,0,0,0,0,0,0,0,0,0,0,0,0,0,0,0,0,0,0,0,0,0,0,0,0,0,0,0,0,0,0,0,0,0,0,0,0,0,0,0,0,0,0,0,0
Intestine_over65_Asian_Female,0,0,0,0,0,0,0,0,0,0,0,0,0,0,0,0,0,0,0,0,0,0,0,0,0,0,0,0,0,0,0,0,0,0,0,0,0,0,0,0,0,0,0,0,0,0
Intestine_over65_American_Indian_Female,0,0,0,0,0,0,0,0,0,0,0,0,0,0,0,0,0,0,0,0,0,0,0,0,0,0,0,0,0,0,0,0,0,0,0,0,0,0,0,0,0,0,0,0,0,0
Intestine_over65_PacificIslander_Female,0,0,0,0,0,0,0,0,0,0,0,0,0,0,0,0,0,0,0,0,0,0,0,0,0,0,0,0,0,0,0,0,0,0,0,0,0,0,0,0,0,0,0,0,0,0
Intestine_over65_Multiracial_Male,0,0,0,0,0,0,0,0,0,0,0,0,0,0,0,0,0,0,0,0,0,0,0,0,0,0,0,0,0,0,0,0,0,0,0,0,0,0,0,0,0,0,0,0,0,0
Intestine_over65_Multiracial_Female,0,0,0,0,0,0,0,0,0,0,0,0,0,0,0,0,0,0,0,0,0,0,0,0,0,0,0,0,0,0,0,0,0,0,0,0,0,0,0,0,0,0,0,0,0,0
Heart_under1_White_Male,0,20,0,13,0,1,18,11,2,3,0,12,0,2,11,4,5,0,0,8,10,6,0,0,0,0,2,2,4,0,0,2,0,34,0,3,1,3,3,9,1,3,2,0,3,6
Heart_under1_White_Female,0,13,2,6,0,0,12,6,2,1,0,6,0,1,8,0,6,0,0,5,6,4,1,0,0,0,2,2,0,0,0,1,0,21,0,0,3,2,0,2,1,2,2,0,3,6
Heart_under1_Black_Male,0,7,0,6,0,0,8,3,2,0,0,5,1,0,2,3,2,0,0,2,4,2,1,0,0,0,2,0,1,0,0,1,0,13,0,0,1,4,2,0,0,2,0,0,1,3
Heart_under1_Black_Female,0,2,0,2,0,1,2,1,2,0,0,1,1,0,1,1,1,0,0,1,2,0,0,0,0,0,0,0,1,0,0,1,0,5,0,0,0,1,0,1,0,0,1,0,1,1
Heart_under1_Hispanic_Male,0,7,0,4,0,0,5,4,1,1,0,2,2,1,3,1,2,0,0,2,4,4,0,0,0,0,0,0,1,0,0,0,0,11,0,0,0,0,4,4,0,0,1,1,0,1
Heart_under1_Hispanic_Female,0,2,0,5,0,0,4,2,1,0,0,4,1,1,0,1,0,0,0,2,4,0,0,0,0,0,1,0,0,0,0,0,0,7,0,1,2,0,1,2,0,1,0,0,0,0
Heart_under1_Asian_Male,0,0,0,0,0,0,0,0,0,0,0,0,0,0,0,0,0,0,0,0,0,0,0,0,0,0,0,0,0,0,0,0,0,0,0,0,0,0,0,0,0,0,0,0,0,0
Heart_under1_Asian_Female,0,0,0,1,0,0,1,0,0,0,0,0,0,1,0,0,0,0,0,0,1,0,0,0,0,0,0,0,0,0,0,0,0,1,0,0,0,0,0,1,0,0,0,0,0,0
Heart_under1_PacificIslander_Male,0,0,0,0,0,0,0,0,0,0,0,0,0,0,0,0,0,0,0,0,0,0,0,0,0,0,0,0,0,0,0,0,0,0,0,0,0,0,0,0,0,0,0,0,0,0
Heart_under1_Multiracial_Male,0,0,1,0,0,0,1,0,0,0,0,0,0,0,1,0,0,0,0,0,0,0,0,0,0,0,1,0,0,0,0,0,0,1,0,0,0,1,0,0,0,0,0,0,0,0
Heart_under1_Multiracial_Female,0,1,0,0,0,0,1,0,0,0,0,1,0,0,0,0,0,0,0,0,0,0,0,0,0,0,0,0,1,0,0,0,0,1,0,0,0,0,0,0,0,0,0,1,0,0
Heart_1_5years_White_Male,0,20,1,13,0,0,14,19,1,0,0,7,0,2,8,9,8,0,0,3,10,2,7,1,0,1,3,1,4,0,2,0,0,34,0,0,4,6,4,3,5,4,3,1,3,1
Heart_1_5years_White_Female,0,10,0,6,1,1,8,7,3,0,0,4,0,3,4,4,3,0,0,1,6,3,4,0,0,0,0,2,1,0,1,0,0,18,0,1,1,4,0,4,2,0,2,2,1,1
Heart_1_5years_Black_Male,0,6,1,3,0,1,5,4,0,2,0,1,1,0,3,3,3,0,0,1,3,2,3,0,0,0,1,1,0,0,0,0,0,11,0,0,0,6,1,0,0,1,0,1,0,2
Heart_1_5years_Black_Female,0,6,0,4,0,1,5,3,3,0,0,2,1,0,4,4,0,0,0,3,3,2,1,0,0,1,0,0,1,0,0,0,0,11,0,0,0,3,1,1,0,1,1,2,0,2
Heart_1_5years_Hispanic_Male,0,10,1,6,0,0,8,7,1,1,0,4,0,3,3,4,3,0,0,0,6,2,3,0,0,0,1,1,3,0,1,0,0,17,0,0,0,6,3,4,0,1,2,1,0,0
Heart_1_5years_Hispanic_Female,0,8,1,3,0,0,7,3,2,0,0,1,0,3,4,2,2,0,0,2,3,2,2,0,0,0,1,1,0,0,1,0,0,12,0,0,2,4,0,5,0,0,0,1,0,0
Heart_1_5years_Asian_Male,0,0,0,1,0,0,1,0,0,0,0,0,1,0,0,0,0,0,0,0,1,0,0,0,0,0,0,0,0,0,0,0,0,1,0,0,0,0,0,1,0,0,0,0,0,0
Heart_1_5years_Asian_Female,0,0,0,1,0,0,0,1,0,0,0,1,0,0,0,0,0,0,0,0,1,0,0,0,0,0,0,0,0,0,0,0,0,1,0,0,0,0,1,0,0,0,0,0,0,0
Heart_1_5years_American_Indian_Female,0,0,0,1,0,0,1,0,0,0,0,0,0,1,0,0,0,0,0,0,0,0,0,0,0,0,1,0,0,0,0,0,0,1,0,0,0,1,0,0,0,0,0,0,0,0
Heart_1_5years_Multiracial_Male,0,1,0,0,0,0,0,1,0,0,0,0,0,0,1,0,0,0,0,0,0,1,0,0,0,0,0,0,0,0,0,0,0,1,0,0,1,0,0,0,0,0,0,0,0,0
Heart_6_10years_White_Male,0,2,0,9,0,2,12,0,1,0,0,0,0,6,3,3,0,0,1,2,8,0,0,0,0,1,0,1,1,0,0,0,0,13,0,0,3,2,1,1,1,1,1,1,1,1
Heart_6_10years_White_Female,0,2,2,4,0,0,3,4,1,0,0,0,0,4,2,1,1,0,0,1,4,1,0,0,0,0,1,0,1,0,0,0,0,8,0,1,0,2,1,1,0,0,0,0,2,1
Heart_6_10years_Black_Male,0,4,0,5,0,1,6,3,1,0,0,0,1,4,2,1,2,0,0,0,3,2,1,0,0,1,1,2,0,0,0,0,0,10,0,0,0,6,0,1,0,1,0,0,1,1
Heart_6_10years_Black_Female,0,3,0,2,0,1,1,3,2,0,0,0,1,1,2,1,1,0,0,1,1,1,1,0,0,1,0,0,1,0,0,0,0,6,0,0,0,3,0,1,0,0,0,1,0,1
Heart_6_10years_Hispanic_Male,0,5,2,2,0,0,2,4,2,1,0,0,0,2,3,0,3,0,1,2,2,1,1,0,0,0,2,0,1,0,0,0,0,9,0,1,0,2,0,2,1,0,0,0,0,3
Heart_6_10years_Hispanic_Female,0,2,1,3,0,0,3,3,0,0,0,0,1,2,1,1,1,0,0,0,2,0,1,0,0,1,1,0,1,0,0,0,0,6,0,0,3,1,1,1,0,0,0,0,0,0
Heart_6_10years_Asian_Male,0,0,0,0,0,0,0,0,0,0,0,0,0,0,0,0,0,0,0,0,0,0,0,0,0,0,0,0,0,0,0,0,0,0,0,0,0,0,0,0,0,0,0,0,0,0
Heart_6_10years_Asian_Female,0,0,0,0,0,0,0,0,0,0,0,0,0,0,0,0,0,0,0,0,0,0,0,0,0,0,0,0,0,0,0,0,0,0,0,0,0,0,0,0,0,0,0,0,0,0
Heart_6_10years_American_Indian_Male,0,0,0,1,0,0,0,1,0,0,0,0,0,1,0,0,0,0,0,0,1,0,0,0,0,0,0,0,0,0,0,0,0,1,0,0,0,0,0,1,0,0,0,0,0,0
Heart_6_10years_American_Indian_Female,0,0,0,0,0,0,0,0,0,0,0,0,0,0,0,0,0,0,0,0,0,0,0,0,0,0,0,0,0,0,0,0,0,0,0,0,0,0,0,0,0,0,0,0,0,0
Heart_6_10years_PacificIslander_Male,0,0,0,1,0,0,1,0,0,0,0,0,0,0,0,1,0,0,0,0,1,0,0,0,0,0,0,0,0,0,0,0,0,1,0,0,0,0,1,0,0,0,0,0,0,0
Heart_6_10years_Multiracial_Male,0,0,0,0,0,0,0,0,0,0,0,0,0,0,0,0,0,0,0,0,0,0,0,0,0,0,0,0,0,0,0,0,0,0,0,0,0,0,0,0,0,0,0,0,0,0
Heart_6_10years_Multiracial_Female,0,0,0,0,0,0,0,0,0,0,0,0,0,0,0,0,0,0,0,0,0,0,0,0,0,0,0,0,0,0,0,0,0,0,0,0,0,0,0,0,0,0,0,0,0,0
Heart_11_17years_White_Male,0,29,2,63,0,4,42,41,11,4,0,0,3,31,6,13,11,0,34,13,32,4,3,7,0,28,6,2,3,0,0,0,0,98,0,0,13,19,11,12,7,7,12,3,8,6
Heart_11_17years_White_Female,0,10,3,29,2,0,25,13,5,1,0,0,2,24,7,4,4,0,3,1,24,5,1,1,0,5,3,2,1,0,1,0,0,44,0,1,2,11,8,4,2,2,4,0,7,3
Heart_11_17years_Black_Male,0,11,1,24,0,0,18,8,10,0,0,0,13,6,6,4,2,0,5,2,8,1,1,1,1,17,1,2,1,0,1,0,0,36,0,0,4,12,6,0,0,3,1,0,2,8
Heart_11_17years_Black_Female,0,5,0,3,0,0,7,1,0,0,0,0,0,3,2,1,1,0,1,2,3,1,1,0,0,0,0,1,0,0,0,0,0,8,0,0,2,2,2,1,0,0,0,0,0,1
Heart_11_17years_Hispanic_Male,0,5,4,20,0,0,18,8,3,0,0,0,8,9,3,2,2,0,5,3,10,1,0,0,0,10,4,0,1,0,0,0,0,29,0,0,2,7,3,13,0,2,1,0,0,1
Heart_11_17years_Hispanic_Female,0,6,3,8,0,0,7,8,2,0,0,0,0,8,2,1,1,0,5,4,8,1,0,1,0,0,2,0,1,0,0,0,0,17,0,0,0,0,5,7,1,0,2,1,1,0
Heart_11_17years_Asian_Male,0,0,0,1,0,0,1,0,0,0,0,0,0,0,0,0,0,0,1,0,0,0,0,0,0,1,0,0,0,0,0,0,0,1,0,0,0,0,0,0,1,0,0,0,0,0
Heart_11_17years_Asian_Female,0,0,0,0,0,0,0,0,0,0,0,0,0,0,0,0,0,0,0,0,0,0,0,0,0,0,0,0,0,0,0,0,0,0,0,0,0,0,0,0,0,0,0,0,0,0
Heart_11_17years_American_Indian_Male,0,1,0,0,0,0,1,0,0,0,0,0,0,0,0,0,0,0,1,1,0,0,0,0,0,0,0,0,0,0,0,0,0,1,0,0,0,0,0,1,0,0,0,0,0,0
Heart_11_17years_American_Indian_Female,0,0,0,0,0,0,0,0,0,0,0,0,0,0,0,0,0,0,0,0,0,0,0,0,0,0,0,0,0,0,0,0,0,0,0,0,0,0,0,0,0,0,0,0,0,0
Heart_11_17years_Multiracial_Male,0,0,1,0,0,0,0,1,0,0,0,0,0,0,1,0,0,0,0,0,0,0,0,0,0,0,1,0,0,0,0,0,0,1,0,0,1,0,0,0,0,0,0,0,0,0
Heart_18_34years_White_Male,0,124,20,368,2,14,257,212,47,12,0,0,34,183,42,78,59,0,132,21,228,27,1,63,1,127,34,9,10,0,6,0,1,528,0,13,53,76,57,60,25,51,54,10,52,77
Heart_18_34years_White_Female,0,97,19,112,1,4,114,90,25,4,0,0,13,80,39,26,39,0,36,13,86,21,0,49,0,22,24,7,7,0,4,0,0,233,0,4,27,34,23,34,7,18,26,10,25,25
Heart_18_34years_Black_Male,0,22,14,140,1,2,98,47,31,3,0,0,77,41,20,11,7,0,23,3,58,6,1,5,0,84,15,2,3,0,2,0,0,179,0,1,29,38,14,21,4,12,12,4,20,24
Heart_18_34years_Black_Female,0,16,8,17,1,0,17,14,9,2,0,0,3,13,19,1,5,0,1,1,13,11,0,1,0,3,10,1,1,0,1,0,0,42,0,1,4,11,6,4,0,3,2,1,5,5
Heart_18_34years_Hispanic_Male,0,23,19,119,0,3,102,44,16,2,0,0,29,54,21,21,13,0,26,4,73,6,1,7,1,47,20,1,1,0,0,0,3,164,0,9,16,15,23,61,2,9,2,12,6,9
Heart_18_34years_Hispanic_Female,0,11,14,18,0,1,35,9,0,0,0,0,1,14,16,5,5,0,3,2,15,4,0,4,0,3,14,1,1,0,0,0,0,44,0,3,2,5,12,12,0,2,3,3,1,1
Heart_18_34years_Asian_Male,0,5,0,12,0,0,7,5,4,1,0,0,2,6,2,2,2,0,3,1,9,3,1,0,0,3,0,0,0,0,0,0,0,17,0,0,0,1,2,11,1,0,0,0,2,0
Heart_18_34years_Asian_Female,0,3,1,1,0,0,0,3,2,0,0,0,0,0,2,1,1,0,1,1,1,1,0,1,0,0,1,0,0,0,0,0,0,5,0,0,0,1,0,1,1,1,0,0,0,1
Heart_18_34years_American_Indian_Male,0,2,0,3,0,0,4,1,0,0,0,0,2,0,0,1,1,0,1,1,2,0,0,1,0,1,0,0,0,0,0,0,0,5,0,0,0,0,0,1,1,2,0,0,1,0
Heart_18_34years_American_Indian_Female,0,0,0,2,0,0,1,1,0,0,0,0,0,2,0,0,0,0,0,0,2,0,0,0,0,0,0,0,0,0,0,0,0,2,0,0,0,1,0,0,1,0,0,0,0,0
Heart_18_34years_PacificIslander_Male,0,3,0,2,0,0,3,1,1,0,0,0,1,1,0,0,1,0,2,2,2,1,0,0,0,0,0,0,0,0,0,0,0,5,0,0,0,0,0,2,1,0,2,0,0,0
Heart_18_34years_PacificIslander_Female,0,0,0,1,0,0,1,0,0,0,0,0,0,1,0,0,0,0,0,0,0,0,0,0,0,0,1,0,0,0,0,0,0,1,0,0,0,0,0,1,0,0,0,0,0,0
Heart_18_34years_Multiracial_Male,0,0,0,11,0,0,3,8,0,0,0,0,3,6,0,1,0,0,1,0,9,0,0,0,0,2,0,0,0,0,0,0,0,11,0,0,1,9,0,0,0,0,0,1,0,0
Heart_18_34years_Multiracial_Female,0,1,0,0,0,0,0,0,1,0,0,0,0,0,0,1,0,0,0,0,0,0,1,0,0,0,0,0,0,0,0,0,0,1,0,0,0,1,0,0,0,0,0,0,0,0
Heart_35_49years_White_Male,0,63,77,140,4,7,143,115,27,6,0,0,16,60,82,37,39,0,57,7,90,22,3,24,3,46,83,4,4,0,3,0,2,291,0,7,39,23,21,36,10,34,34,11,27,49
Heart_35_49years_White_Female,0,49,59,34,4,5,80,57,12,2,0,0,2,21,78,11,26,0,13,8,27,19,1,15,0,7,61,7,5,0,1,0,0,151,0,10,14,19,10,23,6,13,13,6,20,17
Heart_35_49years_Black_Male,0,3,19,22,0,0,20,14,8,2,0,0,9,6,20,2,2,0,5,0,12,3,0,0,0,9,20,0,0,0,0,0,0,44,0,1,5,13,1,2,0,4,3,1,3,11
Heart_35_49years_Black_Female,0,12,19,6,0,1,17,14,6,1,0,0,2,2,30,1,2,0,1,4,3,6,0,0,0,2,19,2,2,0,0,0,0,38,0,0,7,4,5,3,0,3,2,0,5,9
Heart_35_49years_Hispanic_Male,0,9,27,38,0,2,48,19,7,2,0,0,4,14,27,13,8,0,10,4,28,2,1,2,0,8,29,1,1,0,0,0,0,76,0,4,8,6,14,28,2,2,4,5,2,1
Heart_35_49years_Hispanic_Female,0,13,21,3,0,1,25,8,3,2,0,0,1,1,25,1,9,0,1,1,3,9,0,1,0,0,19,2,2,0,1,0,0,38,0,2,2,5,7,12,0,2,1,5,0,2
Heart_35_49years_Asian_Male,0,0,2,3,0,0,1,1,2,1,0,0,0,2,2,1,0,0,0,0,3,0,0,0,0,0,2,0,0,0,0,0,0,5,0,0,0,0,2,2,0,1,0,0,0,0
Heart_35_49years_Asian_Female,0,2,5,0,0,0,4,0,3,0,0,0,0,0,6,0,1,0,0,0,0,1,0,1,0,0,5,0,0,0,0,0,0,7,0,0,1,1,0,4,1,0,0,0,0,0
Heart_35_49years_American_Indian_Male,0,0,1,2,0,0,2,1,0,0,0,0,1,1,1,0,0,0,0,0,2,0,0,0,0,0,1,0,0,0,0,0,0,3,0,0,0,0,0,0,1,1,1,0,0,0
Heart_35_49years_American_Indian_Female,0,0,1,1,0,0,1,1,0,0,0,0,0,1,1,0,0,0,0,0,1,0,0,0,0,0,1,0,0,0,0,0,0,2,0,0,0,0,0,1,1,0,0,0,0,0
Heart_35_49years_PacificIslander_Male,0,0,1,0,0,0,1,0,0,0,0,0,0,0,1,0,0,0,0,0,0,0,0,0,0,0,1,0,0,0,0,0,0,1,0,0,0,0,0,0,1,0,0,0,0,0
Heart_35_49years_PacificIslander_Female,0,0,0,1,0,0,1,0,0,0,0,0,0,1,0,0,0,0,0,0,1,0,0,0,0,0,0,0,0,0,0,0,0,1,0,0,0,0,0,1,0,0,0,0,0,0
Heart_35_49years_Multiracial_Male,0,0,0,0,0,0,0,0,0,0,0,0,0,0,0,0,0,0,0,0,0,0,0,0,0,0,0,0,0,0,0,0,0,0,0,0,0,0,0,0,0,0,0,0,0,0
Heart_35_49years_Multiracial_Female,0,0,3,0,0,0,3,0,0,0,0,0,0,0,3,0,0,0,0,0,0,0,0,0,0,0,3,0,0,0,0,0,0,3,0,0,2,1,0,0,0,0,0,0,0,0
Heart_50_64years_White_Male,0,13,18,37,0,0,33,24,9,2,0,0,1,15,21,12,8,0,11,1,26,7,0,3,0,10,19,0,0,0,1,0,1,68,0,3,13,6,6,12,2,6,7,0,8,5
Heart_50_64years_White_Female,0,15,28,13,0,3,23,28,8,0,0,0,0,8,32,6,8,0,5,0,10,8,0,5,0,2,30,3,1,0,0,0,0,59,0,6,14,5,4,5,4,7,2,1,6,5
Heart_50_64years_Black_Male,0,0,15,4,0,0,9,6,4,0,0,0,1,1,13,2,2,0,0,0,3,0,0,0,0,1,15,0,0,0,0,0,0,19,0,1,3,8,1,0,0,1,0,0,1,4
Heart_50_64years_Black_Female,0,0,11,0,0,0,8,1,2,0,0,0,0,0,10,0,1,0,0,0,0,0,0,0,0,0,9,2,0,0,0,0,0,11,0,0,3,2,0,1,0,0,0,1,1,3
Heart_50_64years_Hispanic_Male,0,1,11,8,0,0,14,4,2,0,0,0,3,2,12,3,0,0,0,0,5,2,0,0,0,2,9,2,0,0,0,0,0,20,0,1,1,2,0,12,0,1,0,1,0,2
Heart_50_64years_Hispanic_Female,0,1,8,2,0,0,8,2,1,0,0,0,0,2,9,0,0,0,0,0,1,0,0,0,0,0,9,0,1,0,0,0,0,11,0,0,0,3,3,4,0,0,0,1,0,0
Heart_50_64years_Asian_Male,0,0,1,1,0,0,2,0,0,0,0,0,0,1,1,0,0,0,0,0,1,0,0,0,0,0,1,0,0,0,0,0,0,2,0,0,0,0,0,2,0,0,0,0,0,0
Heart_50_64years_Asian_Female,0,0,4,0,0,0,2,0,2,0,0,0,0,0,4,0,0,0,0,0,0,0,0,0,0,0,3,1,0,0,0,0,0,4,0,0,1,0,1,2,0,0,0,0,0,0
Heart_50_64years_American_Indian_Male,0,0,0,0,0,0,0,0,0,0,0,0,0,0,0,0,0,0,0,0,0,0,0,0,0,0,0,0,0,0,0,0,0,0,0,0,0,0,0,0,0,0,0,0,0,0
Heart_50_64years_American_Indian_Female,0,0,1,0,0,0,1,0,0,0,0,0,0,0,1,0,0,0,0,0,0,0,0,0,0,0,1,0,0,0,0,0,0,1,0,0,0,1,0,0,0,0,0,0,0,0
Heart_50_64years_PacificIslander_Male,0,0,0,0,0,0,0,0,0,0,0,0,0,0,0,0,0,0,0,0,0,0,0,0,0,0,0,0,0,0,0,0,0,0,0,0,0,0,0,0,0,0,0,0,0,0
Heart_50_64years_PacificIslander_Female,0,0,0,0,0,0,0,0,0,0,0,0,0,0,0,0,0,0,0,0,0,0,0,0,0,0,0,0,0,0,0,0,0,0,0,0,0,0,0,0,0,0,0,0,0,0
Heart_50_64years_Multiracial_Male,0,0,0,0,0,0,0,0,0,0,0,0,0,0,0,0,0,0,0,0,0,0,0,0,0,0,0,0,0,0,0,0,0,0,0,0,0,0,0,0,0,0,0,0,0,0
Heart_50_64years_Multiracial_Female,0,0,0,0,0,0,0,0,0,0,0,0,0,0,0,0,0,0,0,0,0,0,0,0,0,0,0,0,0,0,0,0,0,0,0,0,0,0,0,0,0,0,0,0,0,0
Heart_over65_White_Male,0,0,0,0,0,0,0,0,0,0,0,0,0,0,0,0,0,0,0,0,0,0,0,0,0,0,0,0,0,0,0,0,0,0,0,0,0,0,0,0,0,0,0,0,0,0
Heart_over65_White_Female,0,0,0,0,0,0,0,0,0,0,0,0,0,0,0,0,0,0,0,0,0,0,0,0,0,0,0,0,0,0,0,0,0,0,0,0,0,0,0,0,0,0,0,0,0,0
Heart_over65_Black_Male,0,0,0,0,0,0,0,0,0,0,0,0,0,0,0,0,0,0,0,0,0,0,0,0,0,0,0,0,0,0,0,0,0,0,0,0,0,0,0,0,0,0,0,0,0,0
Heart_over65_Black_Female,0,0,0,0,0,0,0,0,0,0,0,0,0,0,0,0,0,0,0,0,0,0,0,0,0,0,0,0,0,0,0,0,0,0,0,0,0,0,0,0,0,0,0,0,0,0
Heart_over65_Hispanic_Male,0,0,0,0,0,0,0,0,0,0,0,0,0,0,0,0,0,0,0,0,0,0,0,0,0,0,0,0,0,0,0,0,0,0,0,0,0,0,0,0,0,0,0,0,0,0
Heart_over65_Hispanic_Female,0,0,0,0,0,0,0,0,0,0,0,0,0,0,0,0,0,0,0,0,0,0,0,0,0,0,0,0,0,0,0,0,0,0,0,0,0,0,0,0,0,0,0,0,0,0
Heart_over65_Asian_Male,0,0,0,0,0,0,0,0,0,0,0,0,0,0,0,0,0,0,0,0,0,0,0,0,0,0,0,0,0,0,0,0,0,0,0,0,0,0,0,0,0,0,0,0,0,0
Heart_over65_Asian_Female,0,0,0,0,0,0,0,0,0,0,0,0,0,0,0,0,0,0,0,0,0,0,0,0,0,0,0,0,0,0,0,0,0,0,0,0,0,0,0,0,0,0,0,0,0,0
Heart_over65_American_Indian_Female,0,0,0,0,0,0,0,0,0,0,0,0,0,0,0,0,0,0,0,0,0,0,0,0,0,0,0,0,0,0,0,0,0,0,0,0,0,0,0,0,0,0,0,0,0,0
Heart_over65_PacificIslander_Female,0,0,0,0,0,0,0,0,0,0,0,0,0,0,0,0,0,0,0,0,0,0,0,0,0,0,0,0,0,0,0,0,0,0,0,0,0,0,0,0,0,0,0,0,0,0
Heart_over65_Multiracial_Male,0,0,0,0,0,0,0,0,0,0,0,0,0,0,0,0,0,0,0,0,0,0,0,0,0,0,0,0,0,0,0,0,0,0,0,0,0,0,0,0,0,0,0,0,0,0
Heart_over65_Multiracial_Female,0,0,0,0,0,0,0,0,0,0,0,0,0,0,0,0,0,0,0,0,0,0,0,0,0,0,0,0,0,0,0,0,0,0,0,0,0,0,0,0,0,0,0,0,0,0
Lung_under1_White_Male,0,2,0,1,0,0,2,1,0,0,0,1,0,0,2,0,0,0,0,0,1,1,0,0,0,0,0,0,1,0,0,0,0,3,0,0,0,1,0,1,0,0,0,0,1,0
Lung_under1_White_Female,0,0,1,0,0,0,0,0,1,0,0,0,0,0,1,0,0,0,0,0,0,0,0,0,0,0,1,0,0,0,0,0,0,1,0,0,0,0,0,0,0,0,0,0,1,0
Lung_under1_Black_Male,0,0,0,0,0,0,0,0,0,0,0,0,0,0,0,0,0,0,0,0,0,0,0,0,0,0,0,0,0,0,0,0,0,0,0,0,0,0,0,0,0,0,0,0,0,0
Lung_under1_Black_Female,0,0,0,0,0,0,0,0,0,0,0,0,0,0,0,0,0,0,0,0,0,0,0,0,0,0,0,0,0,0,0,0,0,0,0,0,0,0,0,0,0,0,0,0,0,0
Lung_under1_Hispanic_Male,0,0,0,0,0,0,0,0,0,0,0,0,0,0,0,0,0,0,0,0,0,0,0,0,0,0,0,0,0,0,0,0,0,0,0,0,0,0,0,0,0,0,0,0,0,0
Lung_under1_Hispanic_Female,0,0,0,0,0,0,0,0,0,0,0,0,0,0,0,0,0,0,0,0,0,0,0,0,0,0,0,0,0,0,0,0,0,0,0,0,0,0,0,0,0,0,0,0,0,0
Lung_under1_Asian_Male,0,0,0,0,0,0,0,0,0,0,0,0,0,0,0,0,0,0,0,0,0,0,0,0,0,0,0,0,0,0,0,0,0,0,0,0,0,0,0,0,0,0,0,0,0,0
Lung_under1_Asian_Female,0,0,0,0,0,0,0,0,0,0,0,0,0,0,0,0,0,0,0,0,0,0,0,0,0,0,0,0,0,0,0,0,0,0,0,0,0,0,0,0,0,0,0,0,0,0
Lung_under1_PacificIslander_Male,0,0,0,0,0,0,0,0,0,0,0,0,0,0,0,0,0,0,0,0,0,0,0,0,0,0,0,0,0,0,0,0,0,0,0,0,0,0,0,0,0,0,0,0,0,0
Lung_under1_Multiracial_Male,0,0,0,0,0,0,0,0,0,0,0,0,0,0,0,0,0,0,0,0,0,0,0,0,0,0,0,0,0,0,0,0,0,0,0,0,0,0,0,0,0,0,0,0,0,0
Lung_under1_Multiracial_Female,0,0,0,0,0,0,0,0,0,0,0,0,0,0,0,0,0,0,0,0,0,0,0,0,0,0,0,0,0,0,0,0,0,0,0,0,0,0,0,0,0,0,0,0,0,0
Lung_1_5years_White_Male,0,3,0,1,0,0,2,2,0,0,0,1,0,0,3,0,0,0,0,0,1,0,0,0,0,0,0,1,1,0,1,0,0,4,0,0,0,0,0,0,0,1,1,0,1,1
Lung_1_5years_White_Female,0,3,0,0,0,1,2,2,0,0,0,1,0,0,2,0,1,0,0,0,0,1,0,0,0,0,0,1,1,0,1,0,0,4,0,0,1,0,0,1,0,0,0,0,1,1
Lung_1_5years_Black_Male,0,0,0,0,0,0,0,0,0,0,0,0,0,0,0,0,0,0,0,0,0,0,0,0,0,0,0,0,0,0,0,0,0,0,0,0,0,0,0,0,0,0,0,0,0,0
Lung_1_5years_Black_Female,0,2,0,0,0,1,2,1,0,0,0,0,0,0,2,1,0,0,0,2,0,1,0,0,0,0,0,0,0,0,0,0,0,3,0,0,0,1,0,1,0,0,0,1,0,0
Lung_1_5years_Hispanic_Male,0,1,0,0,0,0,1,0,0,0,0,0,0,0,0,1,0,0,0,0,0,0,1,0,0,0,0,0,0,0,0,0,0,1,0,0,0,1,0,0,0,0,0,0,0,0
Lung_1_5years_Hispanic_Female,0,2,0,0,0,0,2,0,0,0,0,0,0,0,1,0,1,0,0,0,0,1,1,0,0,0,0,0,0,0,0,0,0,2,0,0,0,0,0,2,0,0,0,0,0,0
Lung_1_5years_Asian_Male,0,0,0,0,0,0,0,0,0,0,0,0,0,0,0,0,0,0,0,0,0,0,0,0,0,0,0,0,0,0,0,0,0,0,0,0,0,0,0,0,0,0,0,0,0,0
Lung_1_5years_Asian_Female,0,0,0,0,0,0,0,0,0,0,0,0,0,0,0,0,0,0,0,0,0,0,0,0,0,0,0,0,0,0,0,0,0,0,0,0,0,0,0,0,0,0,0,0,0,0
Lung_1_5years_American_Indian_Female,0,0,0,0,0,0,0,0,0,0,0,0,0,0,0,0,0,0,0,0,0,0,0,0,0,0,0,0,0,0,0,0,0,0,0,0,0,0,0,0,0,0,0,0,0,0
Lung_1_5years_Multiracial_Male,0,0,0,0,0,0,0,0,0,0,0,0,0,0,0,0,0,0,0,0,0,0,0,0,0,0,0,0,0,0,0,0,0,0,0,0,0,0,0,0,0,0,0,0,0,0
Lung_6_10years_White_Male,0,0,0,4,0,2,5,1,0,0,0,0,1,1,2,2,0,0,0,0,2,0,0,0,0,2,0,1,1,0,0,0,0,6,0,0,3,0,0,0,0,1,0,0,1,1
Lung_6_10years_White_Female,0,0,2,1,0,0,2,1,0,0,0,0,0,0,1,1,1,0,0,0,1,0,0,0,0,0,1,0,1,0,0,0,0,3,0,1,0,0,0,0,0,0,0,1,1,0
Lung_6_10years_Black_Male,0,0,0,1,0,1,2,0,0,0,0,0,0,1,1,0,0,0,0,0,0,0,0,0,0,0,1,1,0,0,0,0,0,2,0,0,0,1,0,1,0,0,0,0,0,0
Lung_6_10years_Black_Female,0,0,0,0,0,0,0,0,0,0,0,0,0,0,0,0,0,0,0,0,0,0,0,0,0,0,0,0,0,0,0,0,0,0,0,0,0,0,0,0,0,0,0,0,0,0
Lung_6_10years_Hispanic_Male,0,0,0,1,0,0,1,0,0,0,0,0,0,1,0,0,0,0,0,0,1,0,0,0,0,0,0,0,0,0,0,0,0,1,0,0,0,0,0,0,0,0,0,0,0,1
Lung_6_10years_Hispanic_Female,0,1,0,2,0,0,1,2,0,0,0,0,1,1,1,0,0,0,0,0,1,0,0,0,0,1,0,0,1,0,0,0,0,3,0,0,2,1,0,0,0,0,0,0,0,0
Lung_6_10years_Asian_Male,0,0,0,0,0,0,0,0,0,0,0,0,0,0,0,0,0,0,0,0,0,0,0,0,0,0,0,0,0,0,0,0,0,0,0,0,0,0,0,0,0,0,0,0,0,0
Lung_6_10years_Asian_Female,0,0,0,0,0,0,0,0,0,0,0,0,0,0,0,0,0,0,0,0,0,0,0,0,0,0,0,0,0,0,0,0,0,0,0,0,0,0,0,0,0,0,0,0,0,0
Lung_6_10years_American_Indian_Male,0,0,0,0,0,0,0,0,0,0,0,0,0,0,0,0,0,0,0,0,0,0,0,0,0,0,0,0,0,0,0,0,0,0,0,0,0,0,0,0,0,0,0,0,0,0
Lung_6_10years_American_Indian_Female,0,0,0,0,0,0,0,0,0,0,0,0,0,0,0,0,0,0,0,0,0,0,0,0,0,0,0,0,0,0,0,0,0,0,0,0,0,0,0,0,0,0,0,0,0,0
Lung_6_10years_PacificIslander_Male,0,0,0,0,0,0,0,0,0,0,0,0,0,0,0,0,0,0,0,0,0,0,0,0,0,0,0,0,0,0,0,0,0,0,0,0,0,0,0,0,0,0,0,0,0,0
Lung_6_10years_Multiracial_Male,0,0,0,0,0,0,0,0,0,0,0,0,0,0,0,0,0,0,0,0,0,0,0,0,0,0,0,0,0,0,0,0,0,0,0,0,0,0,0,0,0,0,0,0,0,0
Lung_6_10years_Multiracial_Female,0,0,0,0,0,0,0,0,0,0,0,0,0,0,0,0,0,0,0,0,0,0,0,0,0,0,0,0,0,0,0,0,0,0,0,0,0,0,0,0,0,0,0,0,0,0
Lung_11_17years_White_Male,0,18,4,47,0,3,28,31,9,4,0,0,2,25,6,6,8,0,25,8,25,2,0,5,0,20,7,2,3,0,0,0,0,72,0,1,10,11,9,10,3,4,10,2,8,4
Lung_11_17years_White_Female,0,10,4,18,2,0,21,9,3,1,0,0,2,13,6,6,3,0,4,3,13,3,1,2,0,5,4,1,1,0,1,0,0,34,0,1,2,5,7,3,2,3,3,0,3,5
Lung_11_17years_Black_Male,0,4,2,13,0,0,10,6,3,0,0,0,5,4,4,2,1,0,3,0,5,1,0,1,0,8,2,1,1,0,0,0,0,19,0,0,4,5,3,0,0,2,1,0,1,3
Lung_11_17years_Black_Female,0,4,1,3,0,0,6,1,1,0,0,0,1,1,2,2,1,0,1,2,2,0,1,0,0,1,1,1,0,0,0,0,0,8,0,0,1,3,2,1,0,1,0,0,0,0
Lung_11_17years_Hispanic_Male,0,2,1,11,0,1,7,6,2,0,0,0,5,4,1,2,1,0,2,2,5,0,0,0,0,6,1,1,0,0,0,0,0,15,0,0,1,3,2,6,0,2,1,0,0,0
Lung_11_17years_Hispanic_Female,0,3,3,4,0,0,4,4,2,0,0,0,0,4,2,0,2,0,2,2,4,1,0,0,0,0,2,0,1,0,0,0,0,10,0,0,0,0,4,3,0,0,2,0,1,0
Lung_11_17years_Asian_Male,0,0,0,0,0,0,0,0,0,0,0,0,0,0,0,0,0,0,0,0,0,0,0,0,0,0,0,0,0,0,0,0,0,0,0,0,0,0,0,0,0,0,0,0,0,0
Lung_11_17years_Asian_Female,0,0,0,0,0,0,0,0,0,0,0,0,0,0,0,0,0,0,0,0,0,0,0,0,0,0,0,0,0,0,0,0,0,0,0,0,0,0,0,0,0,0,0,0,0,0
Lung_11_17years_American_Indian_Male,0,0,0,0,0,0,0,0,0,0,0,0,0,0,0,0,0,0,0,0,0,0,0,0,0,0,0,0,0,0,0,0,0,0,0,0,0,0,0,0,0,0,0,0,0,0
Lung_11_17years_American_Indian_Female,0,0,0,0,0,0,0,0,0,0,0,0,0,0,0,0,0,0,0,0,0,0,0,0,0,0,0,0,0,0,0,0,0,0,0,0,0,0,0,0,0,0,0,0,0,0
Lung_11_17years_Multiracial_Male,0,0,1,0,0,0,0,1,0,0,0,0,0,0,1,0,0,0,0,0,0,0,0,0,0,0,1,0,0,0,0,0,0,1,0,0,1,0,0,0,0,0,0,0,0,0
Lung_18_34years_White_Male,1,78,20,245,2,10,186,130,31,9,0,0,28,106,34,53,35,1,99,12,136,19,1,36,1,100,31,7,7,1,4,0,1,355,1,6,36,50,33,37,17,30,47,1,44,55
Lung_18_34years_White_Female,1,55,22,85,3,5,77,71,16,7,0,0,11,54,44,21,19,1,21,9,62,11,0,25,0,17,26,8,7,1,5,0,0,170,1,1,17,28,20,26,5,13,16,4,21,20
Lung_18_34years_Black_Male,0,14,12,103,1,2,74,42,13,3,0,0,64,19,19,5,5,0,20,4,27,4,0,2,0,76,15,1,2,0,1,0,0,132,0,0,23,22,12,11,2,12,9,3,20,18
Lung_18_34years_Black_Female,0,8,12,11,0,1,15,9,6,2,0,0,4,8,16,0,4,0,0,0,7,6,0,1,0,3,13,0,0,0,2,0,0,32,0,0,3,11,4,1,0,1,1,1,4,6
Lung_18_34years_Hispanic_Male,0,12,11,72,0,1,62,24,9,1,0,0,20,29,12,11,5,0,19,1,40,2,1,4,0,33,12,1,1,0,0,0,1,96,0,5,9,7,17,40,0,8,0,1,3,6
Lung_18_34years_Hispanic_Female,0,10,11,16,0,0,30,5,1,1,0,0,0,11,12,4,5,0,5,3,13,3,0,5,0,2,10,1,0,0,0,0,0,37,0,1,2,3,13,14,0,0,3,0,1,0
Lung_18_34years_Asian_Male,0,3,0,11,0,0,6,5,2,1,0,0,3,4,0,2,2,0,3,1,7,1,0,1,0,4,0,0,0,0,0,0,0,14,0,0,0,1,2,8,1,1,0,0,1,0
Lung_18_34years_Asian_Female,0,3,0,1,0,0,1,2,1,0,0,0,1,0,0,1,1,0,1,2,0,0,0,1,0,1,0,0,0,0,0,0,0,4,0,0,1,0,0,1,0,0,0,0,0,2
Lung_18_34years_American_Indian_Male,0,1,0,2,0,0,2,1,0,0,0,0,1,0,0,1,0,0,1,1,2,0,0,0,0,0,0,0,0,0,0,0,0,3,0,0,0,0,0,0,1,2,0,0,0,0
Lung_18_34years_American_Indian_Female,0,0,0,2,0,0,0,2,0,0,0,0,1,1,0,0,0,0,0,0,1,0,0,0,0,1,0,0,0,0,0,0,0,2,0,0,0,0,0,0,1,0,0,0,0,1
Lung_18_34years_PacificIslander_Male,0,1,0,2,0,0,3,0,0,0,0,0,1,1,0,0,0,0,1,1,2,0,0,0,0,0,0,0,0,0,0,0,0,3,0,0,0,0,0,1,1,0,1,0,0,0
Lung_18_34years_PacificIslander_Female,0,0,0,1,0,0,1,0,0,0,0,0,0,1,0,0,0,0,0,0,0,0,0,0,0,0,1,0,0,0,0,0,0,1,0,0,0,0,0,1,0,0,0,0,0,0
Lung_18_34years_Multiracial_Male,0,0,0,6,0,0,2,4,0,0,0,0,1,4,0,0,0,0,1,0,6,0,0,0,0,0,0,0,0,0,0,0,0,6,0,0,0,5,0,0,0,0,0,1,0,0
Lung_18_34years_Multiracial_Female,0,0,1,0,0,0,1,0,0,0,0,0,0,0,1,0,0,0,0,0,0,0,0,0,0,0,1,0,0,0,0,0,0,1,0,0,0,1,0,0,0,0,0,0,0,0
Lung_35_49years_White_Male,0,32,47,71,3,4,77,62,15,3,0,0,6,29,45,15,28,0,34,6,42,12,2,7,2,27,51,2,3,0,3,0,0,157,0,4,20,13,16,23,3,15,16,3,18,26
Lung_35_49years_White_Female,0,41,60,23,5,5,74,47,10,3,0,0,3,12,82,5,18,0,14,4,16,18,1,11,0,8,63,8,4,0,1,0,0,134,0,0,19,14,15,17,5,13,14,5,18,14
Lung_35_49years_Black_Male,0,5,23,14,0,0,22,15,4,1,0,0,4,3,21,3,6,0,5,0,8,3,0,2,0,5,23,0,0,0,1,0,0,42,0,0,3,14,2,5,0,2,0,1,6,9
Lung_35_49years_Black_Female,0,7,33,4,0,1,22,14,5,4,0,0,1,3,38,0,2,0,1,0,3,4,0,1,0,1,32,2,2,0,0,0,0,45,0,0,6,10,5,2,0,4,2,1,6,9
Lung_35_49years_Hispanic_Male,0,3,22,17,0,0,27,10,4,1,0,0,1,4,21,10,3,0,3,1,15,2,0,0,0,1,23,0,0,0,0,0,0,42,0,0,5,3,6,21,2,0,1,2,1,1
Lung_35_49years_Hispanic_Female,0,4,24,4,1,0,20,6,5,2,0,0,1,1,24,1,5,0,1,1,3,3,0,0,0,1,23,2,0,0,0,0,0,33,0,0,1,5,10,12,0,2,1,0,1,1
Lung_35_49years_Asian_Male,0,1,3,2,0,1,2,1,2,2,0,0,0,2,5,0,0,0,0,0,2,1,0,0,0,0,3,0,1,0,0,0,0,7,0,0,1,1,2,2,0,1,0,0,0,0
Lung_35_49years_Asian_Female,0,2,9,0,0,1,6,3,3,0,0,0,0,0,9,0,2,0,1,1,0,0,0,1,0,0,9,1,0,0,0,0,0,12,0,0,1,0,0,5,0,0,1,3,1,1
Lung_35_49years_American_Indian_Male,0,0,0,1,0,1,0,2,0,0,0,0,1,0,0,1,0,0,0,0,1,0,0,0,0,0,1,0,0,0,0,0,0,2,0,0,0,0,1,0,1,0,0,0,0,0
Lung_35_49years_American_Indian_Female,0,0,1,1,0,0,1,1,0,0,0,0,0,1,1,0,0,0,0,0,1,0,0,0,0,0,1,0,0,0,0,0,0,2,0,0,0,0,0,1,1,0,0,0,0,0
Lung_35_49years_PacificIslander_Male,0,0,1,0,0,0,1,0,0,0,0,0,0,0,1,0,0,0,0,0,0,0,0,0,0,0,1,0,0,0,0,0,0,1,0,0,0,0,0,0,1,0,0,0,0,0
Lung_35_49years_PacificIslander_Female,0,0,0,0,0,0,0,0,0,0,0,0,0,0,0,0,0,0,0,0,0,0,0,0,0,0,0,0,0,0,0,0,0,0,0,0,0,0,0,0,0,0,0,0,0,0
Lung_35_49years_Multiracial_Male,0,0,1,1,0,0,0,2,0,0,0,0,0,0,1,0,0,0,1,0,0,0,0,0,0,1,1,0,0,0,0,0,0,2,0,0,0,2,0,0,0,0,0,0,0,0
Lung_35_49years_Multiracial_Female,0,0,3,0,0,0,3,0,0,0,0,0,0,0,3,0,0,0,0,0,0,0,0,0,0,0,3,0,0,0,0,0,0,3,0,0,2,1,0,0,0,0,0,0,0,0
Lung_50_64years_White_Male,0,15,47,32,0,1,48,35,6,6,0,0,0,11,52,13,9,0,10,1,24,9,0,2,0,8,48,1,0,0,1,0,1,95,0,5,22,10,4,10,1,6,12,1,13,11
Lung_50_64years_White_Female,0,10,81,19,0,3,48,50,12,3,0,0,0,10,80,6,12,0,5,1,15,8,0,1,0,3,84,1,0,0,0,0,0,113,0,3,12,15,11,19,5,4,10,3,22,9
Lung_50_64years_Black_Male,0,1,27,5,0,0,17,12,4,0,0,0,2,1,25,2,3,0,0,0,4,1,0,0,0,1,27,0,0,0,0,0,0,33,0,1,5,12,0,4,0,1,3,0,3,4
Lung_50_64years_Black_Female,0,4,27,2,1,0,21,7,4,2,0,0,0,2,31,0,1,0,0,1,2,2,0,0,0,0,25,4,0,0,0,0,0,34,0,0,4,10,1,3,0,2,4,1,2,7
Lung_50_64years_Hispanic_Male,0,4,19,5,0,0,18,8,2,0,0,0,0,2,20,3,3,0,0,1,5,5,0,0,0,0,16,1,0,0,0,0,0,28,0,0,3,4,1,14,0,0,1,0,1,4
Lung_50_64years_Hispanic_Female,0,1,14,1,0,0,13,3,0,0,0,0,0,1,14,0,1,0,0,0,0,1,0,0,0,0,15,0,0,0,0,0,0,16,0,0,1,3,4,6,0,0,0,1,1,0
Lung_50_64years_Asian_Male,0,0,5,1,0,0,4,0,2,0,0,0,0,1,5,0,0,0,0,0,1,0,0,0,0,0,5,0,0,0,0,0,0,6,0,0,1,0,0,4,0,0,0,0,1,0
Lung_50_64years_Asian_Female,0,0,9,0,0,0,6,1,2,0,0,0,0,0,9,0,0,0,0,0,0,0,0,0,0,0,9,0,0,0,0,0,0,9,0,0,0,0,0,6,1,1,0,1,0,0
Lung_50_64years_American_Indian_Male,0,0,0,0,0,0,0,0,0,0,0,0,0,0,0,0,0,0,0,0,0,0,0,0,0,0,0,0,0,0,0,0,0,0,0,0,0,0,0,0,0,0,0,0,0,0
Lung_50_64years_American_Indian_Female,0,0,0,0,0,0,0,0,0,0,0,0,0,0,0,0,0,0,0,0,0,0,0,0,0,0,0,0,0,0,0,0,0,0,0,0,0,0,0,0,0,0,0,0,0,0
Lung_50_64years_PacificIslander_Male,0,0,0,0,0,0,0,0,0,0,0,0,0,0,0,0,0,0,0,0,0,0,0,0,0,0,0,0,0,0,0,0,0,0,0,0,0,0,0,0,0,0,0,0,0,0
Lung_50_64years_PacificIslander_Female,0,0,1,0,0,0,0,1,0,0,0,0,0,0,1,0,0,0,0,0,0,0,0,0,0,0,1,0,0,0,0,0,0,1,0,0,0,0,0,1,0,0,0,0,0,0
Lung_50_64years_Multiracial_Male,0,0,0,0,0,0,0,0,0,0,0,0,0,0,0,0,0,0,0,0,0,0,0,0,0,0,0,0,0,0,0,0,0,0,0,0,0,0,0,0,0,0,0,0,0,0
Lung_50_64years_Multiracial_Female,0,0,0,0,0,0,0,0,0,0,0,0,0,0,0,0,0,0,0,0,0,0,0,0,0,0,0,0,0,0,0,0,0,0,0,0,0,0,0,0,0,0,0,0,0,0
Lung_over65_White_Male,0,1,6,0,0,0,1,4,2,0,0,0,0,0,6,0,1,0,0,0,0,1,0,0,0,0,5,0,0,0,1,0,0,7,0,1,1,2,0,1,0,1,1,0,0,0
Lung_over65_White_Female,0,0,10,4,0,0,6,6,2,0,0,0,0,0,9,4,1,0,0,0,3,0,0,0,0,0,11,0,0,0,0,0,0,14,0,1,1,1,0,2,1,2,3,0,3,0
Lung_over65_Black_Male,0,0,1,0,0,0,1,0,0,0,0,0,0,0,1,0,0,0,0,0,0,0,0,0,0,0,1,0,0,0,0,0,0,1,0,0,0,1,0,0,0,0,0,0,0,0
Lung_over65_Black_Female,0,1,2,0,0,0,2,1,0,0,0,0,0,0,3,0,0,0,0,0,0,1,0,0,0,0,2,0,0,0,0,0,0,3,0,0,2,0,1,0,0,0,0,0,0,0
Lung_over65_Hispanic_Male,0,0,2,0,0,0,1,1,0,0,0,0,0,0,2,0,0,0,0,0,0,0,0,0,0,0,2,0,0,0,0,0,0,2,0,0,0,0,0,1,1,0,0,0,0,0
Lung_over65_Hispanic_Female,0,0,2,1,0,0,1,2,0,0,0,0,0,1,2,0,0,0,0,0,1,0,0,0,0,0,2,0,0,0,0,0,0,3,0,0,0,0,0,3,0,0,0,0,0,0
Lung_over65_Asian_Male,0,0,0,0,0,0,0,0,0,0,0,0,0,0,0,0,0,0,0,0,0,0,0,0,0,0,0,0,0,0,0,0,0,0,0,0,0,0,0,0,0,0,0,0,0,0
Lung_over65_Asian_Female,0,0,1,0,0,0,1,0,0,0,0,0,0,0,1,0,0,0,0,0,0,0,0,0,0,0,1,0,0,0,0,0,0,1,0,0,0,0,0,0,0,0,0,0,1,0
Lung_over65_American_Indian_Female,0,0,0,0,0,0,0,0,0,0,0,0,0,0,0,0,0,0,0,0,0,0,0,0,0,0,0,0,0,0,0,0,0,0,0,0,0,0,0,0,0,0,0,0,0,0
Lung_over65_PacificIslander_Female,0,0,0,0,0,0,0,0,0,0,0,0,0,0,0,0,0,0,0,0,0,0,0,0,0,0,0,0,0,0,0,0,0,0,0,0,0,0,0,0,0,0,0,0,0,0
Lung_over65_Multiracial_Male,0,0,0,0,0,0,0,0,0,0,0,0,0,0,0,0,0,0,0,0,0,0,0,0,0,0,0,0,0,0,0,0,0,0,0,0,0,0,0,0,0,0,0,0,0,0
Lung_over65_Multiracial_Female,0,0,0,0,0,0,0,0,0,0,0,0,0,0,0,0,0,0,0,0,0,0,0,0,0,0,0,0,0,0,0,0,0,0,0,0,0,0,0,0,0,0,0,0,0,0
